User,Conversion
16212,1
42809,1
42809,1
42809,1
51206,1
42809,1
51206,0
23178,0
23178,0
23178,0
85908,1
12034,1
86345,0
26988,1
26988,0
26988,1
16212,1
16212,1
86053,1
51206,0
55717,0
72558,1
24963,0
55255,1
69579,0
69579,0
13933,1
13933,1
15300,0
19865,1
19865,1
24645,0
24645,1
24645,1
51206,0
13198,0
44301,1
51206,1
94403,0
65326,1
39797,1
14045,1
20906,1
15934,1
20906,1
27962,1
27962,0
27962,0
98904,0
90739,1
90739,0
27260,1
76989,1
76989,0
76989,0
15549,0
15549,0
72034,1
56993,1
56993,1
32832,0
48219,1
48219,0
51206,0
99168,0
89383,0
64689,1
74183,1
74183,1
43588,1
43588,1
72332,1
36928,1
64689,1
64689,1
86647,1
13209,0
58170,1
13209,1
13209,0
35785,0
30366,0
30356,0
30366,0
60542,0
28022,1
28022,1
97260,0
97260,1
36928,0
36928,0
60542,1
36928,0
26988,0
26988,1
62118,1
62118,1
62118,1
72558,1
91164,1
22958,1
54921,1
17020,0
17020,1
91781,1
51206,1
51206,0
39797,1
11929,1
42809,1
99818,0
99818,0
99818,0
77923,1
55429,1
55429,1
60542,1
56993,0
48219,0
48219,1
48219,0
85908,1
56993,0
56993,0
56993,1
53137,1
15486,0
15486,0
52429,0
52429,0
22792,1
13198,1
85908,1
27633,0
15486,0
44820,0
22641,1
96737,0
77463,1
77463,1
77463,0
47257,1
17587,0
77463,1
77463,1
77463,1
31863,1
13198,1
91164,1
31863,1
60542,1
71951,0
73718,1
11712,1
82992,1
37371,0
82992,1
98861,1
98861,1
26161,0
16089,1
53168,1
82992,1
82992,0
11929,1
86647,0
52389,0
52389,1
52389,1
69579,0
69579,0
51206,1
23178,0
23178,0
55429,1
55429,1
23178,0
37337,1
37337,1
17854,0
24974,1
17854,1
24974,1
88796,0
80081,1
80081,1
80081,1
78137,1
78137,0
53168,1
12075,0
12075,0
13476,0
13476,1
87124,1
83412,1
86345,0
35062,1
35062,0
35062,0
60337,1
40986,1
86261,1
86261,0
86261,1
40986,0
32283,0
88142,1
76088,0
76088,0
18524,1
88142,1
88142,0
88142,1
56083,1
16555,0
86053,0
55717,0
58170,1
58170,1
37856,0
43059,0
43059,1
52389,0
52389,0
44802,1
37856,1
37856,0
60506,1
60337,0
60337,1
88295,0
94166,1
94166,1
47771,0
52297,1
52297,0
52297,1
30366,0
60778,0
30366,1
42809,1
22081,1
10165,0
10165,1
10165,1
65762,0
65762,1
65762,0
32189,0
32189,0
19847,0
19847,0
32189,1
23822,0
31072,1
94403,0
94403,0
94403,1
94403,0
94166,1
94166,1
94403,0
94403,1
10646,1
10646,0
35062,0
15665,0
72332,1
47771,1
47257,1
47257,0
79072,0
72332,0
72332,0
66551,1
62118,1
50441,0
50441,1
50441,1
99782,0
82204,1
89674,0
99782,0
77923,0
77923,0
77923,0
16089,0
16089,1
23822,0
85908,1
88142,1
78639,1
78639,1
74974,0
91683,1
42809,1
55717,0
35062,0
55717,0
33799,0
22958,0
22958,0
54719,1
61292,1
61292,0
90739,1
74803,0
38567,0
12754,0
12075,1
82035,1
12075,0
90739,0
78456,1
72034,1
62832,0
15486,0
62832,0
62832,1
15486,0
75695,1
55255,0
55255,0
55255,0
55255,0
94594,1
94594,1
16212,1
31072,0
31072,0
18693,0
18693,0
18693,0
22353,0
22353,1
22353,1
22353,1
22353,1
22353,1
51206,1
51697,0
12313,1
12313,0
25846,1
74325,0
99168,0
99168,0
99168,0
30989,0
17498,0
17498,1
92642,1
30675,0
74833,1
74833,0
24963,0
91683,1
91683,1
67152,0
19425,1
99168,0
19425,1
13198,1
38556,0
52389,1
19425,1
38556,0
32189,0
32189,0
32189,0
32189,0
32189,0
35846,0
32189,1
82204,1
82204,0
53168,1
88512,0
88512,1
88512,0
73377,1
35846,0
53168,0
35846,1
77923,1
87110,0
87110,0
24974,1
13933,0
13933,0
61292,1
15300,1
73377,0
61292,0
61292,0
78401,1
61292,0
55775,1
42809,0
15549,1
15549,0
15486,0
15486,0
37542,0
37542,0
37542,0
38970,1
37542,0
38970,1
44820,1
13209,0
73411,0
13209,0
13209,0
73411,1
59924,0
59924,1
46463,1
46463,0
11529,1
27962,0
21791,0
77463,1
77463,0
77463,0
77463,1
10760,1
77463,1
77463,0
23580,0
62669,1
71110,1
71110,0
11529,1
62669,1
63443,1
30675,0
63443,1
63443,1
46802,0
46802,0
46802,1
77463,1
77463,0
77463,0
51818,0
51818,1
25831,0
25831,0
25831,1
25831,0
66198,0
66198,1
66198,0
60762,0
85908,1
72034,1
51206,1
27184,0
27184,0
51206,1
51206,1
23735,1
23735,0
23735,0
76989,0
33628,0
36928,1
60762,1
60762,1
62118,1
63443,1
63443,1
38556,0
73598,0
98601,0
89167,1
89167,0
89167,0
89167,0
89167,1
22792,1
82193,0
82193,0
73598,0
23580,1
16955,0
73598,1
64232,0
33628,0
33628,0
77923,1
92208,0
92208,1
51206,1
92208,1
92208,1
92208,1
96137,0
96137,1
86928,0
72563,1
94403,0
94403,0
94403,0
51206,0
44301,0
30743,1
30743,0
30743,1
94403,0
94403,0
94403,0
79072,0
79072,0
86928,0
18693,0
18693,0
74833,0
56576,1
56576,1
56576,1
58170,1
58170,0
58170,1
97377,0
97377,1
62832,1
33628,0
62832,1
87193,1
62832,0
33628,0
33628,0
62265,0
86928,1
74497,0
18042,0
18042,0
31985,0
31985,1
86345,0
86345,1
19875,1
36928,1
36928,1
68075,0
40986,0
22118,1
40986,0
42809,0
69749,1
13209,0
96886,0
96886,0
92376,0
92376,1
33510,0
60927,1
60927,0
17587,0
17587,0
15300,0
94594,0
94594,1
94594,0
85908,1
63443,0
69579,0
69579,0
69579,0
73411,0
76989,0
76989,0
76989,0
73411,0
83412,0
81970,0
42610,0
81970,0
62118,1
24790,0
83412,1
83412,0
54719,0
98861,1
32832,0
53168,0
32832,0
32832,1
36928,0
36928,1
36928,0
36928,0
36928,0
67232,1
79666,0
79666,0
79666,1
42809,0
23178,0
23178,0
30675,1
12313,1
12313,1
12313,1
77063,1
30743,0
30743,1
30743,0
30743,1
30743,0
30743,1
35846,0
70190,0
51308,1
19865,0
19865,1
51308,0
51308,1
76317,0
76317,0
37214,0
90739,0
60506,0
26988,1
21791,0
10100,1
52389,1
11447,0
31863,0
11447,0
35062,1
48415,1
80831,1
58170,1
42427,0
42427,1
27962,0
27962,0
27962,0
45901,1
47814,1
47814,1
22792,1
96901,1
96901,0
70475,1
44742,0
47330,1
37214,0
32264,1
51206,1
67232,1
51206,0
51206,1
51206,0
22676,1
18042,1
65410,1
18042,1
65410,1
18042,0
42620,1
17020,0
17020,0
98042,1
98042,0
98042,0
52429,0
15300,1
15300,1
77063,0
18612,1
94653,0
94653,0
75895,1
75895,1
94237,1
94237,1
22676,1
80081,1
80081,1
35062,0
31457,1
31863,0
32189,0
32189,0
32189,0
32189,0
32189,0
40568,0
32189,0
40568,1
90028,1
90028,0
15258,1
31863,1
60579,0
12075,0
83925,1
75316,0
62118,0
62118,0
11092,1
11092,1
11092,1
11092,0
11092,1
43059,1
74155,0
74155,0
15300,1
18042,0
18042,1
18042,0
26517,1
26517,1
74155,1
74155,0
42809,1
74155,1
92855,0
92855,0
54975,0
54975,0
40464,1
40464,1
73394,0
73394,0
14897,1
14045,1
54352,0
54352,0
60266,0
71951,0
82809,1
15428,1
44301,0
88142,1
90739,1
90739,0
90739,0
60579,0
90739,0
98861,1
33146,0
38567,0
33146,1
38567,0
38567,1
38567,0
72191,1
72191,0
72191,0
72191,0
68299,0
68299,1
72191,0
38567,0
15300,1
15300,0
15300,1
38567,0
10076,1
44301,0
13793,0
32211,1
32211,1
32211,0
13198,0
13198,1
61292,1
74497,0
74497,0
56115,0
56115,0
69579,0
19875,1
69579,1
16089,0
37785,0
37785,0
56079,0
55429,0
55429,0
37371,0
22792,1
47330,1
47330,1
36928,0
36928,1
36928,0
25831,0
25831,1
25831,0
36928,1
56150,1
56150,0
22118,1
86345,0
12313,1
12313,1
12313,0
12313,1
75407,0
75407,0
32189,1
32189,1
67232,1
67232,0
30743,0
30743,1
30743,1
52642,0
14544,0
12093,1
83246,0
46609,0
38970,1
12093,1
97249,0
37214,1
53108,0
53108,0
42560,0
42560,1
25846,1
76989,0
76989,0
55255,1
66198,1
55852,0
75407,0
75407,1
55255,1
74803,0
74803,1
74803,0
74803,1
89167,0
44301,0
44301,0
42620,1
42620,1
48415,1
92577,0
97918,1
97918,0
36148,0
41433,0
41433,0
74155,1
39221,1
39221,1
71695,1
71695,0
98861,1
52389,1
92203,1
92203,1
90370,1
22792,1
52389,1
52389,1
37542,1
70475,0
37542,0
37542,1
37542,0
14554,0
23178,0
23178,0
74325,0
77923,0
77923,0
77923,0
13209,1
54547,1
68299,1
68299,1
43059,1
43059,0
16955,0
71167,1
15549,0
15549,0
78639,0
78639,1
30743,0
77923,1
75407,1
21791,0
21791,0
21791,0
16212,0
75407,0
38717,0
61181,1
14045,1
53168,1
78879,0
78879,1
11929,1
11929,1
71814,1
16555,0
71814,0
62669,1
27962,1
68002,1
27962,0
27962,0
16555,1
16555,0
62669,1
41826,0
33146,0
33146,1
94653,1
98042,0
98042,0
98042,1
13209,0
94653,0
94653,1
63443,1
63443,0
63443,1
51805,1
46463,0
46463,0
94166,1
94166,0
27184,1
27184,1
94594,0
94594,0
94594,0
97918,1
97918,0
83925,1
90739,1
87193,0
87193,0
13209,0
13209,0
13476,1
45444,0
45444,1
13476,1
85908,1
55775,0
13476,0
44820,1
44820,0
41433,0
90739,0
39270,0
86555,1
36866,0
33592,0
74155,1
45934,0
62832,0
73718,0
62832,0
62832,0
34501,0
34501,0
65807,1
19865,1
19865,0
90370,1
90370,1
22792,0
22792,1
49095,1
51818,0
51818,0
22792,1
35846,1
72191,0
19865,1
19865,0
27962,0
26988,1
79666,1
79666,1
79666,0
11529,0
89167,1
89167,0
85533,0
82809,1
82809,0
23735,1
23735,1
23735,0
49095,0
74325,0
53203,0
14897,0
49197,1
71951,0
71951,1
71951,0
71951,0
71951,0
88142,1
88142,0
70475,1
70475,1
12075,0
12075,0
35846,0
76167,1
27128,0
11529,0
39383,0
39383,0
39383,0
42809,1
75415,1
75415,1
37542,0
56079,1
22766,0
52389,1
55305,0
99168,0
99168,0
99168,0
74325,0
74325,0
80081,1
80081,1
80081,1
52815,1
52815,0
69894,1
71167,0
69894,0
54719,1
78455,0
86345,1
92208,1
14045,1
14045,1
94738,0
27962,0
27962,0
27962,1
22561,1
62118,0
27962,0
27962,0
62118,1
62118,1
94738,0
29002,1
29002,0
55775,1
40568,1
96281,0
96281,0
27260,1
69894,0
23580,1
96281,1
52724,1
69894,0
52389,0
44912,0
25831,1
25831,0
44742,0
75407,0
75407,0
72191,0
35128,1
82809,1
82809,0
82809,1
82809,0
97772,1
12313,0
16955,1
32189,0
32189,0
92855,0
32189,0
78614,0
63443,0
63443,1
12313,0
83925,0
76317,0
83925,0
18524,1
77923,0
74183,1
74183,0
50414,0
50414,0
36019,1
36019,1
36019,1
36019,1
83663,0
19425,0
37371,1
38567,1
72829,1
60787,0
60762,1
85908,1
76989,1
53168,1
22766,0
15683,1
15683,0
27962,1
47257,0
27962,0
47257,0
47257,0
56226,0
61292,0
61292,1
12075,0
63295,0
76989,0
76989,0
76989,0
55775,1
51206,1
51206,1
41826,0
18042,0
18042,0
55775,0
26568,0
12320,1
26568,0
72829,1
30334,0
70475,1
30334,0
70475,0
44742,1
44742,1
44742,0
78639,0
78639,1
11544,1
24790,1
24790,0
42809,1
32832,1
32832,1
87124,0
38556,0
38556,0
25831,1
38146,1
12313,1
53203,1
52389,1
35424,0
79666,1
79666,1
79666,1
11092,0
11092,0
11092,1
12775,1
12775,1
60762,1
60762,0
40464,1
13198,0
13198,1
12075,0
77144,1
85533,0
85533,1
85533,0
77144,0
38567,0
72829,0
12320,0
52297,1
12320,0
72829,0
12320,0
72829,0
52297,0
52297,1
88485,1
88485,1
69764,0
69764,0
69764,0
61181,0
12075,1
12075,1
39270,0
39270,0
45934,1
45934,1
45934,1
11544,1
51818,0
51818,0
54921,0
22792,0
16987,1
30989,0
30989,0
83925,0
42809,1
60927,1
56083,1
94594,0
94594,0
53137,0
94594,1
94594,1
46802,1
46802,1
64689,1
29005,1
11929,0
77463,1
77463,0
77463,1
70596,1
70596,0
70596,0
41433,1
71695,1
71695,0
88516,1
30356,0
88516,1
91234,0
24790,0
24790,1
72191,0
44301,0
74183,0
44301,0
74183,0
10776,1
94594,0
94594,0
23580,1
32138,0
19425,1
33510,0
81530,1
81530,1
82809,0
82809,0
33510,1
33510,0
25536,1
90739,0
32832,0
25536,1
90739,0
16555,1
25536,1
25536,0
36866,1
64689,1
41826,1
41826,0
27962,0
94594,0
94594,1
94594,0
30743,1
78270,0
78270,1
78270,1
97377,0
94403,0
94403,1
94403,1
94403,0
94403,1
94403,1
94403,0
94403,1
94403,1
66637,1
35846,0
65067,1
65067,1
38556,0
54510,1
54510,0
54510,0
50441,1
37542,0
37542,0
10165,1
10165,1
10165,1
29632,0
29632,0
29632,0
20011,1
14193,1
10165,1
65783,0
70596,0
70596,0
10165,1
35805,0
10165,1
10165,0
22938,1
22938,0
22938,0
24790,0
24790,1
27962,0
23735,0
23735,1
23735,0
31422,1
31422,0
85908,1
27558,1
15683,1
15683,1
89167,0
89167,1
89167,0
14193,1
65783,0
25831,0
79268,0
25831,1
25831,1
25831,0
25831,0
89167,1
51206,1
25831,0
51206,0
89167,1
20298,1
13209,0
13209,0
13209,0
89167,1
26517,1
37214,0
37214,0
20298,0
56083,0
56083,0
56083,0
43059,1
26517,1
78639,1
27558,1
15549,0
15549,1
92208,1
92208,0
71770,0
71770,1
15549,1
15549,0
79666,1
38146,1
62832,1
62832,0
62832,0
62832,0
62836,0
62836,1
19875,1
38556,1
38556,0
36928,1
36928,1
36928,0
51818,1
21722,1
35902,0
90028,1
90028,1
58170,1
62118,1
82809,0
82809,0
58170,1
22081,1
22081,0
72191,0
72191,0
19957,0
79666,1
19957,1
60121,1
95777,1
79666,1
79666,0
60579,1
60579,0
72558,1
62118,1
88512,1
90739,0
95777,1
16089,0
74325,1
68002,0
37856,1
58170,1
60579,1
30989,0
82760,1
60579,1
60579,0
51818,1
82760,1
60579,0
16955,0
60579,0
88142,1
47330,1
47330,1
16955,0
90739,1
56150,0
56150,1
61292,0
36019,1
60787,0
60787,1
81050,1
57615,0
57615,1
69514,0
95379,0
95379,0
35062,0
35062,0
99168,0
35062,1
35062,1
35062,1
80035,1
80035,1
82875,0
16955,0
53168,1
75316,1
75316,0
75316,0
56993,1
56993,0
16955,0
91683,1
21791,0
21791,1
57615,1
98601,0
57615,0
98601,0
57615,1
57615,1
57615,0
57615,1
72191,0
72191,1
37214,0
97249,0
97249,0
85908,1
56150,0
17020,0
17020,1
59381,0
59381,1
10100,1
75316,0
75316,0
59381,1
10100,0
99168,0
99168,0
99168,0
99168,0
99168,0
98757,0
51818,1
51818,1
90739,0
24974,0
77923,1
77923,1
85533,0
99560,1
85533,0
15486,0
57194,1
85533,0
37542,1
22641,0
33510,1
41069,0
41069,1
87649,1
87649,1
87649,0
98861,1
60121,1
19847,0
19847,0
78137,0
42620,1
19271,0
78137,0
92208,1
78137,0
16555,0
16555,1
70596,1
57194,0
81405,0
81405,0
60506,1
30366,1
70596,1
35566,1
35566,1
26988,0
26988,0
68299,1
68299,1
80606,1
72558,1
30356,0
96886,0
56079,1
16679,0
51206,1
51206,0
70596,1
16679,0
16679,1
60121,1
60121,0
19271,1
28022,1
28022,0
28022,0
36605,0
33905,0
62118,1
62118,0
71770,0
76989,1
76989,1
57615,0
36928,0
86555,0
86555,1
78639,0
91683,0
78639,1
31072,1
31072,1
31072,0
99298,0
99298,0
44316,1
44316,1
44820,0
44820,0
80606,1
44820,0
44820,1
44820,0
44820,0
80606,1
99298,0
22792,1
72829,0
72829,0
73598,0
78401,0
80606,1
80606,0
54922,1
98861,1
98861,1
98861,1
37856,1
37856,1
14544,1
14544,1
85843,1
77468,0
77468,0
77468,1
39591,1
39591,1
37214,0
30743,1
36928,0
30743,0
30743,0
77233,0
36928,1
77233,0
77233,1
40572,0
40572,1
15486,0
62010,1
62010,0
30366,0
62010,1
30366,1
30366,0
71770,0
78639,0
78639,1
25863,1
25863,1
91737,1
91737,1
60506,0
51146,0
96281,1
17587,0
12313,1
36928,0
36928,1
34667,0
46512,0
18612,0
18612,0
14559,0
14559,0
82065,1
12313,1
12313,1
51818,1
51818,0
35846,1
35902,0
82065,0
36866,0
76989,0
53168,1
49309,1
49309,1
11092,1
76167,1
53654,0
36713,1
12313,0
11447,0
62832,1
12313,0
12313,1
36999,0
85908,1
78614,1
49095,0
11447,1
11447,1
80606,1
16555,0
16555,0
63807,0
63807,1
63807,0
53108,1
53108,0
36928,1
37856,0
99298,0
96281,0
93894,1
93894,1
53902,1
36713,1
28664,0
76836,1
86555,0
22958,1
44565,1
12313,0
93894,1
12313,1
31072,1
31072,1
31072,0
70190,1
96901,1
96901,0
76836,0
62832,1
53137,0
62832,1
62832,1
27962,1
27962,1
27962,0
18042,0
96281,0
96281,0
18042,1
11447,0
53137,1
74803,1
31457,1
12034,1
12034,1
72558,1
88944,1
17670,0
73598,1
77923,1
73598,0
15300,1
15300,1
31457,1
30366,1
90370,1
72558,1
51598,1
71770,0
71770,0
15683,1
15683,0
38146,1
74803,1
37371,1
44410,0
44410,0
76836,1
15300,1
16679,1
16679,1
16679,1
44820,0
44820,1
44410,1
44410,1
61292,0
39591,0
52389,1
52389,1
86569,0
39591,1
39591,0
52389,1
86569,0
35846,1
67681,1
94166,0
94166,1
12093,0
67681,0
15258,0
15258,1
94166,0
94166,0
72034,1
54510,0
68552,1
85398,0
85398,0
85744,0
85744,0
85744,1
16089,0
16089,1
73144,1
38567,0
94403,0
19865,1
60787,0
94403,1
19865,1
70596,0
70596,0
70596,1
22118,1
86183,0
86183,1
86183,1
53151,0
72558,1
82809,0
51206,0
82809,0
14732,1
14732,1
11092,0
11929,1
18042,0
18042,0
90370,1
36713,1
36713,1
10165,1
10165,1
10165,0
73144,0
55305,0
96798,0
96798,0
86345,1
81405,1
29005,1
81405,1
29005,1
85533,0
22499,0
60927,1
71951,0
60927,0
59381,0
59381,1
59381,1
43061,1
43061,1
73598,0
17498,1
17498,1
60778,1
12093,0
12093,0
12093,0
60778,1
62118,1
62118,1
59381,0
77463,0
77463,1
71951,0
78455,0
11929,1
68552,1
90028,0
27184,1
27184,0
75415,1
75415,1
88512,0
88512,1
91453,1
85843,1
38046,1
38046,1
71770,1
41826,1
41826,1
94594,1
94594,0
21791,0
21791,1
21791,0
21791,0
59381,0
59381,1
62669,0
59381,1
62669,1
23735,1
23735,0
12754,1
53108,0
12754,1
12754,1
53108,1
60894,0
54280,1
54280,1
72332,1
15549,0
82986,1
82986,1
72332,1
27962,1
15300,1
15300,1
27962,1
27962,1
27962,0
27962,0
27962,1
27962,1
15391,0
75316,1
42809,1
30743,1
94403,1
94403,1
94403,0
94403,1
94403,1
94403,1
94403,1
94403,1
94403,1
38556,0
52699,0
22958,0
12075,1
23858,0
14691,0
12075,0
27128,1
30366,0
15549,0
14691,1
14691,0
87571,1
87571,1
72191,0
87571,1
16987,0
87110,0
87110,0
30366,0
38677,0
38677,0
27128,1
62045,1
72558,1
88142,1
53168,1
36605,0
90739,0
19425,1
56083,0
56083,0
56083,1
58170,0
53168,1
33905,0
83412,0
73144,1
27962,0
27962,1
27962,1
56079,1
44565,0
44565,1
77063,1
83925,1
70261,0
70261,1
11447,0
11447,0
11447,0
96137,0
96137,1
53108,0
10776,0
28769,1
10776,0
43059,0
53108,1
28769,0
66198,1
66198,1
66198,0
54510,0
25831,0
25831,1
25831,1
20906,1
32189,0
78455,0
13209,0
13209,1
13209,0
95379,1
95379,0
90370,1
63295,0
87649,0
87649,1
87649,0
63295,0
78639,1
78639,1
72034,1
12402,0
12402,0
15549,1
73377,1
83412,0
15665,0
14691,1
14691,1
91683,1
23014,1
91683,1
91683,1
25831,0
25831,1
15549,1
25831,0
25831,0
25831,0
21722,0
14193,0
84027,1
10165,1
10165,1
10165,1
25846,1
25846,1
69579,1
69579,0
85348,1
31457,1
31457,0
31457,0
17587,1
17587,0
93133,0
93133,0
93133,0
71951,0
51206,1
51206,0
14045,0
32832,1
32832,1
98757,0
21791,0
21791,0
21791,0
99298,1
99298,0
89167,0
89167,1
89167,1
80081,1
80081,1
85533,1
85533,0
74183,0
74183,0
15486,0
34157,0
71695,0
71695,0
25831,0
25831,0
25831,1
60894,0
38567,0
25831,1
87124,1
88944,1
41826,1
33510,0
61292,0
71951,0
36713,0
19865,1
19865,0
29805,0
29805,0
30743,1
18042,1
55255,0
55255,0
64246,1
60927,0
33905,1
22958,1
62832,1
40568,1
40568,1
92855,0
92855,1
19425,1
35062,0
78614,1
78614,0
99560,1
15258,1
15258,1
15258,0
80081,1
25717,1
53203,1
99560,0
53203,0
54510,0
65753,0
65753,1
96798,0
13209,0
13209,1
22081,0
24790,0
24790,0
91453,0
78401,0
30743,0
72191,0
55255,0
55255,0
38556,0
24849,1
30675,0
28764,1
28764,0
23735,1
98601,0
62501,0
62501,1
26517,1
25846,0
25846,1
25846,1
26517,1
40986,1
40986,1
29099,0
89167,1
49095,1
89167,1
89167,0
79072,0
11529,0
11529,0
41607,0
56539,1
55429,1
23735,1
30989,0
92208,1
92208,1
38556,0
22717,0
29002,1
98861,1
98861,1
92208,1
92208,1
60927,0
98861,1
98861,1
98861,1
57858,0
54719,0
54719,0
54719,1
76989,0
76989,0
76989,0
76989,0
76989,0
76989,0
44742,0
44742,1
44742,1
44742,1
16089,0
16089,0
63443,0
63443,0
33347,1
33347,1
46316,1
16212,0
32264,0
24790,0
24790,0
24790,1
14544,0
25717,0
76989,1
32264,1
32264,0
63807,1
63807,1
63807,0
16212,1
16212,1
30366,0
78639,1
35805,1
78639,1
78639,0
35062,1
42809,1
52276,1
78455,0
78455,0
10165,1
63807,1
42411,0
78455,0
80831,1
80831,0
78455,0
78455,0
80831,1
80831,1
92208,0
41905,1
41905,0
13476,1
13476,1
16212,1
15300,1
92208,0
70190,1
21696,1
21696,1
92642,0
53108,1
88295,1
55717,1
53168,1
92642,1
55717,0
24790,1
24790,0
13209,0
13209,1
13209,0
71695,1
71695,0
71695,1
76989,1
76989,1
76989,0
60787,1
60787,0
42411,1
42411,0
37542,1
37542,0
36605,1
86647,1
58170,1
58170,0
90028,0
90028,0
25846,1
46793,0
46793,0
96901,1
27184,1
27184,1
97249,0
97249,0
29099,0
96901,1
19865,1
19865,0
16212,1
11447,1
23858,1
23858,0
54510,0
85908,1
15486,0
63443,1
33190,1
62265,0
51206,0
27962,1
27962,0
27962,0
35062,0
18362,1
63037,1
63037,0
33905,0
33905,0
33905,0
33905,0
77063,1
37371,1
16089,1
16089,1
16089,1
72191,0
33905,0
33905,0
32189,0
32189,1
32189,0
32189,0
32189,1
32189,0
63443,0
63443,1
72191,0
74796,1
34897,1
37542,0
37542,0
37542,0
37542,0
29058,1
36594,0
36594,0
36594,1
90739,0
90739,0
63443,1
33208,1
63443,1
63443,0
33208,1
51206,1
51206,0
51206,0
38567,0
91453,1
91453,1
79072,0
85533,1
85533,0
43059,0
43059,0
43059,0
43059,0
98861,0
98861,1
46802,1
46802,1
46802,1
90739,1
90739,0
42809,1
42809,1
42809,1
44810,1
44810,0
27558,1
27558,1
76836,0
94738,0
94738,0
65753,1
65753,0
99168,0
87232,0
49095,1
87232,0
99168,0
36928,1
99168,0
99168,0
87232,1
32832,0
32832,0
35062,0
44301,0
98861,1
83925,0
91453,0
71501,1
42809,1
46512,1
44301,0
46512,1
41826,1
41826,1
41826,1
41826,1
57858,0
19425,0
22081,1
13476,1
13476,1
13476,1
70596,0
70596,1
70596,0
12320,0
94594,1
22081,1
38556,1
96281,0
96281,1
96281,1
47479,1
91234,1
87571,0
56083,0
56083,0
56083,0
32224,0
32224,0
51206,0
32832,0
91683,1
91683,1
37214,0
56226,0
14559,0
14559,0
36999,1
54510,1
65410,0
65410,0
88142,1
92376,0
92376,0
72558,1
95207,1
95207,0
90653,0
90653,0
85908,1
93367,0
93367,1
34546,1
72034,1
88142,0
88142,0
72034,1
52784,0
98266,0
98266,0
52784,1
26988,0
94166,0
26988,1
44810,1
36605,1
94403,1
94403,0
94403,1
94403,1
94403,1
25859,1
99298,1
93894,1
94403,1
94403,1
94403,1
79072,0
57858,1
41607,0
17020,0
17020,0
84027,1
84027,0
65067,1
65067,1
60778,1
11929,0
60778,1
11976,0
11976,1
11976,1
46463,1
33861,1
72558,1
62118,1
62118,1
62118,0
16955,0
53151,0
76836,0
24645,0
72558,1
56784,0
56784,1
62832,0
62832,1
93894,1
81405,0
69740,1
69740,1
85533,0
12402,0
97249,0
85533,1
85533,0
38556,0
45260,1
47257,0
47257,0
33592,0
52429,0
32264,1
52429,1
32264,1
33592,0
31863,0
16555,0
16555,0
46316,0
17914,0
31863,0
25213,1
90739,0
72034,1
60762,1
60762,0
36999,1
24849,1
75316,1
94594,0
94594,0
94594,0
27260,1
27260,0
10834,0
10834,0
10834,0
90739,0
78639,0
78639,0
76317,0
76317,1
76317,1
46802,1
46802,0
46802,0
66198,1
66198,1
66198,1
21644,1
46463,1
96798,0
96798,0
46463,0
52389,1
54719,1
74526,0
16987,0
27962,0
27962,1
27962,0
65944,0
97249,0
86053,1
86053,1
70190,0
97918,0
10165,1
10165,0
10165,1
10165,1
10165,1
55196,1
40568,1
26120,0
88295,0
21952,0
90739,0
78216,0
78216,0
31422,1
31422,0
88796,0
21952,1
24849,1
88410,0
88410,0
38556,0
35949,1
35949,0
92376,0
92376,0
71110,0
71110,1
72558,1
42809,1
42809,1
62265,0
31457,0
78614,1
46681,1
90370,1
90370,1
33905,1
30675,0
83412,1
83412,0
83412,1
15665,1
77923,1
77923,0
77923,1
67232,1
99298,0
19847,0
99298,0
87232,0
24849,1
25846,0
25846,0
87232,1
26269,1
26269,1
23178,0
27558,1
64232,0
76989,0
72191,1
76989,0
33592,0
25846,1
38556,0
76989,0
56993,1
56993,0
56993,1
98861,1
33592,0
49749,0
78455,1
78455,1
63037,1
36999,0
36999,0
58170,1
60506,0
36999,0
51206,1
56083,1
56083,0
56083,1
29005,0
23735,1
53168,0
97252,0
97252,1
27184,0
27184,1
44410,1
76989,0
76989,0
76989,0
38556,0
13935,0
49749,0
13935,1
49749,1
67668,0
31457,0
55717,0
67668,0
49749,0
47974,1
47974,1
99560,1
47974,1
78614,0
88485,1
38556,0
88485,0
37214,1
51206,0
44742,0
44742,1
44742,1
30489,0
30489,1
44742,1
72217,0
86365,1
86365,1
72217,0
98601,0
98601,0
24133,0
25831,0
25831,0
33905,0
25831,0
25831,1
25831,0
78639,0
78639,0
78639,0
24133,0
52389,0
18143,1
52389,1
89856,1
98861,1
11092,0
11092,1
11092,1
46316,0
88142,1
25536,0
37542,1
37542,0
37542,0
37542,0
37542,0
37542,0
12402,1
87232,0
87232,0
87232,0
88142,1
78568,0
32189,0
32189,0
32189,0
32189,0
78216,0
67831,1
67831,1
32832,1
99298,0
54719,0
54719,1
46682,0
24931,1
24931,0
81405,1
81405,0
62265,0
44410,1
60337,1
60337,1
78455,0
30356,1
99560,0
99560,1
15864,1
30356,0
30356,0
24357,1
24357,0
29002,1
29002,0
13198,0
80035,1
62832,0
45260,0
40127,1
36928,1
36928,1
34546,1
27633,0
63807,0
16212,0
53168,0
73152,0
37371,1
94166,1
94166,0
94166,0
98861,1
52276,1
85266,0
73377,1
73377,0
71695,1
87124,0
38556,0
22118,1
38556,0
38556,0
97252,1
97252,1
26988,1
95175,1
95175,1
95175,0
96901,1
96901,1
22792,1
60762,0
26988,1
10165,0
10165,1
91683,1
91683,1
25536,0
87454,0
90739,0
40127,0
92208,0
92208,0
38601,1
89383,1
89383,0
54510,0
54510,0
16955,0
16955,0
16955,1
74155,0
88796,0
74155,1
58170,0
13209,0
13209,1
30743,1
30743,0
30743,0
22792,1
99560,0
99560,0
23735,0
15486,0
63176,0
63176,1
63176,0
63176,1
63176,1
38556,0
63176,0
38556,0
52389,1
98861,1
73152,0
63807,1
73152,0
55902,0
55902,0
35805,0
18693,0
43061,1
43061,1
36713,1
36713,1
94594,0
94594,0
42809,1
94594,0
94594,0
94594,0
94594,0
94594,1
51206,1
51206,0
96798,0
96798,0
76088,0
88512,1
98501,0
74973,1
35566,0
35566,1
74973,1
74973,1
88295,0
65067,1
65067,0
53108,0
95156,1
95156,1
53108,1
44820,1
44820,0
55902,0
55902,1
55902,0
42809,1
72191,0
72191,1
30489,1
14899,0
14899,0
35846,0
83246,0
54961,0
67232,0
80081,1
99298,1
72191,1
36114,0
98266,0
98266,0
44565,1
44565,1
56115,0
80081,1
56115,0
56115,1
10776,0
10776,0
72034,1
58170,1
22081,1
58170,1
29005,1
27962,0
27962,1
27962,1
27962,0
27962,0
27962,0
49749,1
71110,0
71110,1
72191,0
72191,1
16212,1
32189,0
32189,1
32189,0
80081,1
56705,0
56705,1
80081,1
80081,1
30356,0
13198,1
77923,0
77923,1
15258,1
15258,0
78614,0
85908,1
95701,1
95701,0
38556,0
51206,1
51206,0
96737,1
32189,1
32189,0
29005,0
26988,1
26988,1
24790,1
24790,1
13198,1
87649,0
83246,0
71110,0
42560,0
42560,1
15486,0
15486,0
49095,0
78639,0
15549,1
78639,0
15549,0
15486,0
15549,1
15549,1
31863,0
42809,1
42809,1
42809,1
66198,0
66198,0
66198,1
52429,0
52429,1
33799,1
33799,0
33799,0
46802,1
46323,0
71110,1
71110,1
71110,0
21722,0
33182,0
60778,1
21722,0
99581,1
99581,1
21722,0
60778,1
46802,1
46802,0
46802,0
36081,0
62501,1
36605,0
38307,1
36605,1
62501,0
38307,0
42761,1
42761,1
42761,1
29058,1
78119,1
42610,0
38567,0
45760,0
14897,1
14897,0
50539,0
38556,0
97377,1
97377,0
62669,0
62669,1
87124,0
87124,1
90944,0
96281,0
96281,0
96281,0
36928,0
78614,0
78614,0
35846,0
80035,0
80035,1
47414,1
20091,0
20091,1
46463,0
54510,0
54510,0
10100,1
10100,0
71695,1
71695,1
56083,0
56083,0
56083,1
29005,1
90944,1
13209,0
13209,0
13209,0
33799,0
78216,0
92890,0
23178,0
83964,0
92890,0
83964,1
35846,1
23178,0
52784,1
17587,0
51206,0
80035,0
32988,0
32988,1
88796,1
35805,1
30989,0
52389,1
29632,1
52389,1
29632,0
29632,0
30989,1
30356,0
30356,0
30356,0
22147,0
95701,0
95701,0
22958,1
11765,1
11765,1
33905,0
60506,0
36605,1
33905,0
52389,0
36605,0
36928,0
36605,0
36928,0
36928,0
38601,1
53203,0
76088,0
76088,0
46463,1
11428,0
46463,0
19234,0
43588,1
43588,1
94166,0
89383,1
94166,1
73598,1
73598,1
73598,0
97918,1
61292,1
54719,0
35846,1
54719,0
97918,1
63062,1
63062,1
81405,1
60894,1
36713,1
36713,0
29005,1
37542,0
37542,0
37542,0
11976,0
62118,1
62118,1
62118,0
91453,0
91453,0
66198,1
66198,0
66198,0
60787,1
60787,0
85908,1
37371,0
72191,0
30743,1
72191,0
15300,0
65966,0
54961,0
54961,0
54961,0
37337,0
37337,0
37337,0
77332,0
54719,1
25831,0
25831,0
33235,0
34143,0
34143,0
34143,1
78614,0
78614,0
87124,0
63443,1
63443,1
76317,0
63443,1
98601,1
63443,0
87858,0
75895,1
75895,1
98601,1
77332,0
56255,0
56993,1
11929,0
62118,1
62118,1
62118,1
49143,1
17914,1
92376,0
37856,0
37856,0
70190,1
65783,1
43061,1
23735,1
23735,1
43061,1
43061,0
43061,1
90028,1
90028,0
43061,1
70688,0
17020,0
17020,0
89597,0
15486,0
15486,0
98861,1
76989,0
76989,0
76989,0
76989,0
30989,0
38567,1
27962,1
27962,0
27962,0
88364,1
88364,1
96400,0
96400,1
96400,1
13547,1
70596,0
70596,0
70596,0
81405,0
81405,0
26988,0
49095,0
19425,1
89167,0
63443,0
89167,1
26988,1
89167,0
10165,1
10165,0
10165,1
10165,1
10165,1
32988,0
26364,0
32988,1
52389,1
92208,0
92208,0
14897,0
90028,1
90028,1
35805,1
65786,1
46463,0
38567,0
76317,1
76317,1
25831,1
22147,1
46463,0
50441,1
94053,0
94738,1
94738,0
94738,0
99298,1
99169,1
30989,1
90739,0
90739,0
90739,1
26364,1
90739,0
24849,1
24849,1
24849,0
94594,1
24849,1
24849,1
74183,0
94594,0
94594,0
13209,0
13209,1
13209,0
13209,0
13209,0
71951,0
71951,0
65783,0
76836,0
58170,0
85908,1
39681,0
37371,1
76836,1
30743,0
82809,1
82809,1
32832,1
32832,0
29005,0
22147,1
81405,0
81405,0
44810,1
44810,1
76148,1
98601,0
24974,1
72829,0
72829,1
72829,1
24974,1
99168,0
99168,0
99168,0
74183,1
99168,0
99168,0
60762,1
27962,0
17286,0
60762,0
44316,0
44316,0
44316,1
65783,0
52699,0
36713,1
37542,0
37542,0
37542,0
44810,1
11529,1
11529,1
11092,0
11092,0
11092,1
30356,0
44810,0
44810,1
30356,0
30356,0
34306,1
34306,0
65364,0
65364,0
49095,0
49095,0
15549,0
15549,1
60819,0
15549,1
26364,1
94483,1
81405,0
81405,1
74155,0
56993,0
41695,0
41695,1
78614,0
56993,0
24790,1
39827,0
76830,0
77923,1
77923,0
77923,1
49143,0
74973,1
74973,1
12075,1
12075,0
52389,1
52389,0
39797,1
66198,0
60506,0
27962,0
10834,0
10834,0
38556,0
42610,0
78639,1
78639,0
23008,0
65786,0
65786,0
30675,0
98516,1
98042,1
98042,0
98042,1
19234,0
19234,0
19234,1
16323,0
96281,0
23858,0
23858,0
96281,0
96281,0
54510,0
54510,0
36605,1
36605,1
36605,0
29005,0
19847,0
19847,0
19847,0
19847,0
19847,0
34767,0
24790,1
96798,1
96798,0
62832,1
21791,0
62832,0
62832,0
92208,1
54719,1
92208,1
23178,0
54510,1
82028,1
94738,0
24974,1
92376,0
86647,0
17498,0
17498,1
80821,0
39221,1
39221,1
36605,1
44387,0
27184,1
27184,1
76836,0
15258,0
15258,1
11976,1
11976,1
54510,1
54510,0
54510,0
94069,1
94069,0
16555,0
94166,1
94166,0
16555,0
16555,1
97377,1
60506,0
74973,1
74973,1
42411,1
42411,1
10100,0
94738,0
71951,0
13209,0
13209,0
27962,0
27962,0
94738,0
31952,1
39270,1
81737,1
60506,0
39270,0
39270,0
60778,0
60778,1
88512,1
94053,1
76148,0
39221,1
62832,0
81737,1
30989,0
86183,0
86183,1
25863,1
20906,0
66198,0
66198,0
66198,0
36139,1
97377,1
95568,0
52389,1
52389,1
36019,0
36019,1
36019,0
22717,1
22717,0
99298,0
99298,1
98861,1
98861,1
62118,0
62118,1
30356,0
30356,0
62669,0
62669,1
14897,0
37371,1
16212,0
19865,0
38567,0
38567,1
73032,1
16955,0
73598,1
73598,0
73598,1
53203,1
56627,0
53203,0
83925,1
53203,0
98601,0
75316,1
75316,1
96137,0
98601,1
51308,0
51308,1
51308,0
93133,1
16212,0
19865,0
19865,0
25831,1
96137,1
96137,1
74973,1
37524,0
37524,1
37524,0
99560,0
99560,1
34767,0
36303,1
66198,0
36303,0
36303,0
66198,0
66198,1
23735,1
23735,1
60506,0
59381,1
70190,0
70190,0
77923,1
81737,1
81737,0
22792,0
72034,1
23735,0
51206,1
65410,0
51206,0
65410,1
76830,0
42610,0
76988,1
94594,1
94594,1
39221,0
39221,1
15486,0
53168,1
62501,1
62501,1
57194,1
23735,0
23735,0
23178,1
23178,0
17020,1
17020,0
91225,0
11092,1
11092,1
11092,0
62501,1
57194,0
15549,1
47330,1
47330,1
76103,1
76103,0
15549,0
15549,1
15549,1
15549,0
37545,0
37542,0
37542,0
37542,0
37542,1
37542,0
37542,1
37542,0
37542,1
32264,0
32264,1
51206,0
32832,1
32832,1
52389,1
56615,0
32189,0
32189,1
55255,0
55255,0
24790,0
24790,0
23735,0
71930,0
71930,0
98861,1
38556,0
42411,1
42411,0
76989,1
76989,1
41433,0
20906,0
76989,0
76989,1
76989,1
76989,0
23735,1
54922,0
39797,0
23735,0
23735,1
23735,0
56615,1
61292,0
61292,1
61292,0
22118,1
98601,0
50441,0
53168,1
53168,1
53168,0
13209,1
50441,0
30589,0
53168,1
36605,1
36605,0
36605,1
14897,0
24790,0
24790,1
24790,0
24790,0
16212,0
55255,0
55255,0
24790,0
24790,0
13209,1
99298,1
15300,1
15300,0
78336,0
13209,1
73184,1
78336,0
23331,0
25831,0
44387,0
95777,1
62265,1
30589,0
62265,0
94069,0
24790,0
83575,0
19847,0
38556,0
95777,1
51206,0
24357,1
24357,1
29058,1
29058,1
29058,0
62832,1
62832,0
62832,0
32283,0
22118,1
25831,1
85081,0
85081,1
25831,1
25831,0
98042,1
98042,0
98042,0
56615,0
51206,1
87454,0
39797,1
99298,0
15549,0
15549,1
15549,1
32138,0
32138,1
35846,1
35846,1
88222,1
65067,1
65067,0
25213,0
81405,0
81405,0
19034,1
87193,0
32138,0
66198,0
66198,1
66198,0
66198,0
78639,1
30675,0
34767,0
41433,1
15486,0
87454,0
82028,1
15486,0
19875,0
72034,0
36713,0
36713,1
36713,1
35062,0
53203,0
53203,0
66637,1
86555,0
99169,1
27802,0
44410,0
44410,1
44410,1
17020,0
17020,0
70261,0
70261,0
32189,0
32189,0
57858,1
57858,0
32189,0
44387,0
57858,1
57858,1
93133,1
93133,0
37237,0
53168,1
30743,0
99560,1
99560,1
16212,1
61181,0
98436,1
98436,1
98436,1
67831,0
90944,0
67831,0
67831,0
73598,0
73598,1
97918,0
27128,0
72829,0
72829,0
72829,0
65753,0
65753,1
29002,1
29002,0
52815,1
98516,0
19546,1
19546,1
19546,0
29058,1
29058,1
29058,1
23735,1
23735,1
37545,1
52389,1
52389,0
42411,0
42411,1
42411,0
12754,1
81405,0
81405,0
74183,0
23735,0
23735,0
92855,0
92855,1
36184,1
22958,1
98042,1
60506,0
98042,0
98042,1
77923,0
34587,0
42610,0
27962,1
27962,0
27962,0
46802,0
46802,0
51114,0
51114,0
51114,1
22081,0
70261,0
42809,0
70261,0
22118,1
16212,0
10834,0
37545,1
16212,1
37545,1
19425,0
88512,0
33139,1
71695,0
19425,1
80035,0
71695,1
76830,0
86294,0
90739,0
45760,1
36928,1
36928,0
34587,0
36928,1
29099,1
29099,0
18610,1
78840,1
78840,0
37545,0
10076,0
44410,0
33628,0
63062,1
63062,0
68013,0
32189,0
33628,1
33628,0
35805,0
38556,0
30675,1
32189,0
62118,1
60337,1
23178,0
19977,0
23178,0
43059,1
43059,1
23178,0
82028,0
34306,1
99562,0
32832,1
99169,0
92208,0
38556,0
92208,1
99560,0
51206,0
94069,0
71770,1
52389,1
52389,0
12392,1
36928,1
88513,1
20906,0
30743,1
76836,0
30743,0
30743,1
76836,0
51206,0
51206,0
16987,0
19957,1
19957,1
36713,1
36713,1
53203,0
87454,1
17595,0
13209,0
13209,0
99560,1
99560,1
78639,0
76989,0
68013,0
38556,0
36139,1
41826,0
55429,1
55429,1
14544,0
25863,1
75231,0
87479,1
61292,0
56615,0
21696,1
98861,1
53168,1
81970,0
41433,1
32264,0
74183,0
36928,1
89597,0
97377,0
33182,0
20887,0
81737,0
92855,0
11976,1
14897,0
59381,1
59381,1
59381,1
14897,0
14897,1
81737,0
81737,0
81737,0
81737,0
81737,0
81737,0
36713,0
91450,0
91450,0
62669,0
62832,1
62832,1
33182,1
62832,1
37542,0
37542,0
37542,0
38307,1
82028,1
38307,0
44279,0
19546,1
77923,1
77923,0
77923,0
72188,1
27802,0
94166,1
75231,1
32138,0
15549,0
13547,0
63176,1
63176,1
63176,1
85928,1
85928,1
85928,0
81737,1
81737,0
63176,0
63176,1
55429,0
63176,1
63176,1
17583,1
44740,1
68552,1
68552,1
93894,1
76836,0
30743,0
30743,0
92208,1
90659,1
90659,0
76836,1
44820,0
22147,1
54547,1
54547,1
54547,1
44410,0
60506,0
90916,1
78336,0
78336,1
53203,0
53203,0
56615,1
30743,0
71770,0
52389,0
63037,1
52389,1
47257,0
34587,1
15683,1
15683,1
72332,1
72332,0
13547,1
83925,1
44387,1
99169,0
96798,0
96798,0
20906,0
51114,1
62118,0
62118,1
51114,1
61292,0
90739,0
14938,1
32283,0
85081,0
85081,0
62265,0
85081,0
85081,0
76578,1
85081,1
85081,1
62265,0
15549,1
15549,0
85081,0
85081,0
85081,0
85081,1
75316,1
75316,0
59020,0
59020,0
53505,1
52936,1
72191,0
72191,1
72191,0
76021,1
52389,1
16987,0
52389,1
52936,1
52389,1
75231,0
52389,1
38556,0
76578,1
78336,0
78336,1
44279,0
70393,0
88512,1
32283,0
32283,0
80081,0
25213,0
27204,0
44742,1
39270,0
39270,0
21696,1
44820,0
72191,0
32832,1
16212,0
52389,0
73184,1
73184,1
78614,0
78137,0
38567,0
78401,1
66198,1
13209,0
13209,1
78401,0
25213,1
38556,0
87124,0
79666,1
79666,0
79666,1
94069,0
94069,0
32189,0
32189,0
65967,0
65967,0
44912,0
44912,1
25831,0
25831,1
76088,0
76088,0
15683,1
15683,0
25944,1
25944,1
39797,1
53151,0
53151,0
53151,1
56083,1
83246,0
83246,1
83246,1
83246,1
56083,0
86294,0
29005,0
57858,0
57858,1
57858,0
47257,0
47257,0
47257,0
77332,0
44810,1
44810,1
44810,1
44810,0
44810,1
99298,0
99298,1
86928,1
27802,0
86928,0
76989,1
88944,1
76989,0
40568,0
76989,0
74031,1
74031,0
76989,1
76989,1
78455,0
72191,1
72191,0
20906,0
76836,1
88512,1
88512,0
88512,1
87124,0
76836,1
56115,0
19034,1
75231,0
16987,0
18143,0
41826,0
20887,0
20887,0
56083,0
20887,1
94738,0
23858,0
23858,1
62832,0
42610,0
62832,1
62832,1
62832,0
62832,1
60762,1
60762,1
29857,1
27962,0
27962,0
27962,0
27962,0
14691,1
53902,1
35846,0
53902,1
35846,0
22958,1
77923,0
77923,1
22792,0
22792,1
35846,0
78919,1
35273,0
44408,0
44408,1
44408,1
16212,0
29632,0
29632,1
29632,0
96886,0
50441,1
66198,1
66198,0
66198,0
72829,0
85081,0
85081,0
85081,0
27260,1
60778,0
71951,0
71951,0
46316,0
85266,1
85266,0
60778,1
19957,0
55429,0
54719,0
71951,1
54719,0
55429,1
87454,1
72558,1
72558,1
87124,0
78336,1
65067,1
58170,1
58170,0
27962,1
39749,1
51206,0
94069,0
51206,0
39749,0
88295,0
88295,1
44387,1
34897,0
89167,1
89167,1
89167,0
34897,1
36605,1
72191,0
33347,1
33347,1
53108,0
76088,0
76088,0
53108,0
62118,0
79072,0
12093,0
62118,1
62118,1
62118,1
57615,0
97377,0
56079,1
56083,0
56083,0
56083,0
30743,1
99562,0
99562,0
30743,1
30743,0
32832,1
32832,1
44820,1
26988,1
77923,0
26988,0
26988,1
33799,1
33799,1
33799,0
77923,1
30751,0
23178,0
23178,0
25846,1
87649,0
87649,0
87649,1
87649,0
87649,0
87649,1
76989,1
76989,0
25846,0
25846,0
25846,0
76989,0
76989,1
76989,0
76989,0
51206,0
63176,0
85266,0
85266,0
85266,1
85266,0
29632,0
99298,0
74869,1
99298,0
78614,1
12093,1
51206,1
85081,0
50441,0
34306,1
32832,0
32832,0
32832,1
76103,0
23735,1
23735,1
23735,0
44740,0
44740,1
44740,1
62501,1
62501,0
76167,1
72558,1
36605,1
87454,0
94166,1
94166,1
22958,0
54510,1
83925,1
83925,0
93133,1
93133,0
93133,0
74367,1
83925,0
34587,1
81737,0
93133,0
93133,0
81737,0
81737,0
22118,1
46316,0
60850,0
60506,0
51206,1
85266,1
85266,0
85266,0
85266,0
85266,0
85266,1
85266,0
60762,1
27962,0
27962,0
31457,1
31457,0
62832,0
62832,0
62832,1
37856,0
59924,0
59924,0
74973,1
47330,1
47330,1
42809,1
60506,1
85928,1
20063,1
78336,0
80664,1
78216,1
22081,1
26269,1
13476,1
81737,0
13476,1
13476,1
36605,1
74497,0
64638,1
71951,1
94069,0
39221,1
39591,1
39591,1
39591,1
30743,0
30743,1
30743,0
29058,1
29058,1
29058,1
51206,0
72034,1
16212,1
36303,1
58042,1
36303,0
36303,1
58042,1
58042,1
42809,1
42809,1
42809,1
39221,1
39221,1
35062,1
16212,0
16212,0
35062,1
94166,0
94166,1
22147,1
85266,0
85081,0
85081,0
85081,0
35273,1
51206,0
94069,0
85081,1
85081,1
70190,0
70190,0
70190,0
29305,1
77923,0
77923,1
77923,0
23735,1
27962,0
27962,1
27962,0
77923,0
22118,1
30366,1
32832,0
32832,1
36019,0
36019,1
72188,0
94069,0
94069,0
90028,0
35273,1
54510,0
54510,0
30675,0
30675,1
30356,0
12402,0
12402,0
77332,0
72332,0
72332,0
56083,1
90739,1
90739,0
90739,0
56083,0
56083,1
44912,0
44912,0
51206,0
64638,1
94594,1
94594,0
72332,0
10165,1
10165,1
16555,0
10165,1
10165,1
60506,0
10165,1
10165,1
10165,1
23735,0
23735,1
23735,1
44387,1
30489,1
96281,1
71110,0
71110,0
20906,0
96281,0
96281,1
96281,0
23178,0
23735,0
23735,1
23735,1
63443,0
31925,1
53203,0
71951,1
71951,0
36605,0
36605,0
36605,1
36605,1
36928,0
36928,1
36605,0
36605,1
25846,1
35805,1
86647,1
72332,0
44408,0
36114,0
44740,1
44740,1
44740,1
53203,0
53203,0
68013,0
68013,0
32988,0
60266,1
32988,0
19847,0
52355,1
89167,1
32988,0
77332,0
68013,0
89167,1
60506,1
39270,1
71951,1
85081,0
85081,1
85081,1
59924,1
25831,1
94594,0
94594,0
94594,0
22958,0
59924,0
27962,1
27962,0
27962,0
74183,1
35846,0
78614,1
35846,0
65783,0
33182,1
33182,1
76317,1
92577,0
92577,1
20091,1
20091,0
74183,0
25831,0
57858,0
72034,1
57858,1
57858,0
65807,0
49309,1
78455,0
85081,0
78455,1
78455,1
30366,1
78879,1
78879,0
29002,1
98861,1
25831,0
25831,0
25831,0
76836,1
87124,0
62832,1
62118,1
62118,0
62118,1
62118,0
16555,0
91225,1
37856,1
14559,0
14559,1
72191,0
72191,0
72191,0
31863,0
32264,0
32264,1
91453,1
25831,1
91453,0
23580,1
21696,0
90659,0
29002,0
21696,1
22766,0
22766,1
39681,0
85744,0
12075,0
32832,1
74497,0
81663,0
81663,1
39591,1
88485,1
88485,1
32283,0
32283,1
27260,0
27260,1
39681,0
39681,1
63443,1
92577,1
70393,1
70393,0
78336,1
15665,0
37856,0
37856,0
85105,1
85105,1
85266,0
12402,0
12402,1
43563,1
21791,0
21791,0
85266,0
85266,0
56283,1
30751,0
30751,0
30751,1
30751,1
30751,1
32832,1
74155,1
39681,0
78336,0
57906,0
57906,1
82809,0
82809,0
56283,0
56283,0
20438,0
20438,0
34587,0
62118,1
62118,1
32189,0
32189,0
32189,0
87124,0
99562,1
99562,0
84027,0
84027,0
88142,0
88142,1
42610,0
42610,1
78614,1
11929,1
51818,1
38567,0
56283,1
81405,1
81405,0
81405,0
56079,0
31422,0
31422,1
31422,1
77923,0
77923,1
58021,0
58021,0
12392,0
99298,1
63176,1
63176,1
49948,0
62832,1
62832,0
46802,0
96281,1
72829,0
96281,0
96281,0
72829,1
96281,1
72829,1
18693,0
18693,0
18693,1
56083,0
56083,1
19957,1
19957,1
13547,1
94594,1
94594,0
71695,1
94069,1
94069,0
72829,1
76836,1
44810,1
87454,0
51818,0
56079,0
56079,0
56079,0
10165,1
10165,1
10165,1
66198,1
77063,1
88295,0
19425,1
57906,1
57906,1
35273,1
92577,1
48451,0
48451,0
85928,0
62118,1
62118,1
62118,0
62118,0
22147,1
87454,1
22792,1
43061,0
32189,1
32189,1
99298,1
37856,0
37856,0
37856,1
30356,1
30356,0
87454,0
30356,0
30356,0
30356,0
87454,0
13209,0
16555,0
81737,0
81737,1
81737,0
73936,0
73936,0
51308,0
13209,0
60506,0
13209,1
13209,0
13209,0
57858,0
76989,0
76989,0
72829,0
17914,0
67802,0
72034,0
30743,1
30743,1
30743,0
27962,0
81737,1
81737,0
90028,0
90028,1
77923,0
98601,0
98601,0
38601,0
38601,0
37545,0
60506,0
11929,0
94738,1
94738,0
64858,0
71695,0
97377,1
79766,1
72332,1
85928,1
53203,1
90659,1
13099,0
13099,1
13099,0
36713,0
36713,1
22792,1
22792,1
51114,1
51114,1
57194,1
10760,1
57194,0
82809,0
91225,1
57858,0
57858,1
57858,0
19546,0
19546,0
43588,1
43588,1
78336,0
78336,1
54719,1
54719,0
30589,0
53203,0
53203,0
30589,0
98861,1
98861,1
80900,0
76148,1
22792,1
51206,1
92376,1
23822,1
23822,0
23822,1
39681,0
30356,0
39681,0
22958,0
39681,0
77002,0
77002,1
99560,0
87124,0
13389,1
99560,0
13389,0
13389,0
99560,1
83412,0
83412,1
12402,1
96886,1
96886,0
43061,1
30743,0
35062,1
30743,1
77923,1
77923,0
77923,1
10076,1
25717,0
98436,1
99168,1
99168,0
13547,1
22792,1
87124,1
87124,1
87124,0
14544,0
71770,0
71770,0
90659,1
90659,1
25944,0
36605,1
70190,0
72829,0
72829,1
86569,0
72829,0
59235,1
56784,0
56784,1
59235,1
86569,0
15258,1
53151,0
79010,1
31457,1
55775,1
92127,0
78568,0
78568,1
46463,1
46463,1
72191,0
97377,0
91453,0
91453,0
72191,0
85928,1
59235,0
78149,1
72191,0
44810,1
78149,1
72191,0
10165,1
65783,1
30881,1
30881,1
65783,0
30881,0
36713,1
81737,0
76836,0
76836,1
16212,1
51206,1
70190,1
77923,0
77923,1
63807,0
63807,1
63807,1
62832,0
72332,1
99298,1
33182,0
60506,0
99298,0
82809,0
82809,1
51308,0
51308,1
51308,1
38448,1
85533,0
29005,1
51818,0
51818,0
99168,0
99168,0
99168,0
99168,0
25863,1
94166,1
94166,0
60506,0
15258,0
49736,1
62836,0
71945,1
71945,1
24849,1
72198,1
16212,0
63443,1
63443,1
81074,1
62118,1
62118,0
33182,1
72558,1
72198,1
81074,1
81074,1
81074,0
47697,0
32832,1
20438,0
32832,1
20438,0
55775,1
92208,0
35846,0
35846,0
62265,1
62265,1
30751,0
36303,0
36303,1
38567,1
62265,0
68013,0
31467,0
69732,1
78614,1
62265,1
62265,0
72191,0
86569,0
92855,0
92855,0
30743,1
56079,0
16212,1
52389,0
52389,1
52389,1
16212,1
49497,1
24931,1
24931,1
21722,1
70190,1
13348,0
76148,0
71951,0
60337,0
71951,1
71951,0
62118,0
39827,0
67232,0
15300,0
15300,1
67232,1
67831,1
67831,0
67831,0
96126,1
96126,0
71951,0
74155,0
74155,0
87124,0
87124,0
90659,1
51206,1
55429,1
32832,1
30743,0
72558,1
51206,0
16212,0
28233,0
94738,0
94738,0
53902,1
98601,1
61181,1
61181,1
36928,0
32628,1
32628,1
81737,0
81737,0
81737,0
81737,0
11929,1
37542,0
37542,0
35846,0
85533,1
85533,0
14559,1
14559,1
10165,1
10165,1
23580,0
23580,1
53168,1
42610,0
63443,0
27962,0
27962,0
63443,1
74497,0
85266,0
85266,0
85266,1
27962,1
27962,0
60762,1
85266,0
91453,1
85266,1
85266,0
13547,1
13547,1
13547,1
76317,1
30356,1
13547,0
30356,0
76317,1
68013,0
55255,0
55255,0
35846,0
35846,1
35846,0
97260,0
57858,0
57858,1
57858,0
50441,0
89167,0
36605,1
35062,1
68013,0
15486,1
52936,0
14558,1
15486,1
23178,0
53203,0
53203,0
12093,0
72034,0
88512,1
81737,0
12093,1
12093,1
38567,1
81737,0
13547,1
53151,0
81737,0
66198,0
24974,1
67508,1
78455,0
74155,1
53168,1
35128,0
31467,0
31467,0
44565,0
44565,0
88364,0
94166,1
94166,1
94166,0
94166,1
23008,0
70596,0
37785,0
44387,1
85002,1
23008,0
74183,0
55775,0
30751,1
30751,0
17914,0
93894,1
99349,1
77923,0
77923,0
77923,0
77923,0
77923,0
83925,1
86365,1
86365,0
19847,1
19847,0
19977,0
35949,1
35949,0
12402,0
12402,1
12402,0
37214,0
37214,1
37214,0
37214,0
63062,1
35062,0
15486,0
44740,1
44740,0
33347,1
33347,1
44740,1
62501,1
67508,0
22147,0
95156,0
49736,0
81074,1
71951,0
98601,0
15683,1
15683,1
71951,1
13547,1
36019,0
36019,1
87124,0
98601,0
62832,0
62832,0
62832,0
22792,1
22792,0
33799,1
76836,0
76836,1
67749,1
67749,1
55902,0
55902,0
31467,1
85081,0
28664,1
22147,1
34306,1
34306,1
34897,1
77002,1
52936,0
57095,0
34897,1
34897,0
34337,0
34337,0
51206,0
21791,0
21791,0
21791,1
45260,0
55429,1
14558,0
32189,0
98042,1
37856,1
60579,1
60579,1
73598,0
73598,0
73598,0
36713,1
36713,1
36713,1
73598,0
30356,0
56226,1
98042,0
98042,0
21696,0
21696,1
21696,1
16212,1
28664,0
28664,1
32189,0
32189,1
92855,1
85081,1
85081,0
44740,1
44740,1
85081,0
85081,1
85081,1
85081,0
27501,1
97377,1
46802,0
61292,0
65067,1
65067,0
71250,1
46802,0
46802,1
46802,0
30356,0
21696,1
30356,0
85266,0
85266,0
85266,0
40568,0
66198,0
66198,1
66198,1
30743,0
79666,0
65240,0
65240,0
60778,0
81074,0
55775,0
86647,0
88221,0
91450,0
60778,1
60778,1
60778,1
60778,0
19425,1
60778,1
96886,0
96886,0
96886,0
60778,0
19546,0
19034,1
52389,0
90916,1
36928,0
34897,1
16212,1
95156,0
95156,0
62118,1
36605,1
62118,0
36605,0
94594,0
36605,0
14554,1
14554,0
62118,0
62118,1
55775,0
62415,0
62415,1
17498,0
19425,0
11929,1
39270,1
44912,1
98861,1
30675,0
98861,1
44912,0
44912,0
94738,1
94738,0
44387,0
27962,0
30356,0
30356,0
30356,0
30356,0
51818,0
39681,0
39681,1
71693,0
71693,1
98601,1
38556,1
99168,1
99168,1
42610,1
32264,0
32264,1
53438,1
53438,1
17020,0
42610,0
54719,0
54719,0
60579,1
74497,0
81074,1
20298,0
20298,0
67831,0
67831,1
60337,0
67831,1
40342,0
56079,1
66198,0
57615,1
57615,1
57615,1
57615,1
52389,1
52389,1
81405,0
23735,0
23735,1
22792,1
58170,0
85081,1
85081,0
85081,0
85081,0
55844,1
46463,0
55844,0
54961,0
21644,1
60337,0
33182,0
33182,0
48834,0
76912,0
36139,0
31467,0
31467,1
37542,1
37542,1
37542,0
96137,1
57906,0
43061,1
43061,1
43061,1
55429,1
55429,0
21644,0
21644,0
76317,1
32264,0
53168,1
32264,1
29632,0
22118,1
72332,1
72332,0
14897,0
76989,0
76989,0
76989,0
76989,0
72332,0
25213,0
76167,1
42809,0
76167,1
72191,1
72191,0
72191,0
30675,0
10834,0
10834,0
72829,1
96281,1
96281,0
96281,0
96281,0
81737,0
57906,1
19034,1
17020,0
17020,0
16555,0
16555,0
99562,1
99562,1
99562,1
53203,1
53203,0
53203,0
23178,0
72829,0
27962,1
27962,0
72829,0
72829,1
77923,0
16212,1
56083,1
81737,0
81737,1
36713,1
30743,1
74803,1
74803,1
88512,0
88512,1
22958,1
31467,1
49095,1
99298,0
99298,0
31467,1
42610,0
42610,1
32189,0
67232,0
74367,0
16212,1
67232,1
97260,0
87124,1
12075,0
27558,1
27558,1
62832,0
62832,0
81074,0
71951,0
78614,0
10100,0
97377,0
10100,1
55902,1
41826,0
55902,0
76317,1
13547,1
30743,1
51206,1
21696,0
39900,0
39900,0
74973,1
74973,1
95156,1
95156,0
47330,1
47330,0
72829,0
54975,1
47330,0
60337,0
83412,0
51206,0
19425,1
53203,0
37237,1
44565,1
44565,1
33182,0
33182,0
72775,1
27558,1
27558,1
13209,0
52699,0
52699,1
94738,0
35846,0
35846,0
12093,0
12093,0
12093,0
22118,1
77923,0
81737,0
81737,0
98601,1
17498,1
17498,0
24357,1
24357,0
33182,1
33182,0
33182,1
13547,1
74155,0
36713,0
36713,0
36713,1
92376,1
22118,1
56845,1
60506,0
16145,1
58035,1
71770,0
36928,0
85744,1
99560,0
12075,0
12075,0
72332,0
47479,1
47479,1
72332,1
71770,0
99560,1
36928,0
36928,1
36928,1
41826,0
10834,1
74497,1
74497,0
66966,1
66966,1
81405,1
81405,0
19034,1
56115,0
56115,0
36605,1
36605,1
41826,1
41826,0
95777,1
51206,0
38307,1
41049,1
28917,0
35805,1
15683,1
15683,0
35846,1
83925,0
58891,0
58891,1
35523,0
92376,1
90653,0
90653,1
94738,0
47257,0
47257,1
53168,0
95568,1
95568,0
70393,0
28831,1
28831,0
25846,0
25846,1
53175,1
53175,1
25846,0
74155,0
71951,0
96281,0
74183,0
96281,0
96281,0
74869,1
30675,1
68708,1
29805,0
85081,0
85081,0
85081,0
87454,1
87454,0
87454,0
75316,1
15300,0
91437,1
91437,1
91437,0
99298,1
28233,0
19425,1
94166,0
94166,1
44740,0
78614,0
78614,0
78614,1
78614,0
78614,0
67831,1
89167,0
43452,1
43452,1
85744,0
99298,0
58170,1
79666,1
79666,1
38607,1
55429,1
55429,1
55852,1
55852,1
70393,0
55852,1
67802,0
67802,0
29005,1
72191,0
35805,0
51206,1
37542,1
37542,0
37542,1
37542,0
97260,0
97260,1
97260,0
72191,0
32832,1
55255,1
81074,0
22503,0
22503,1
81074,0
90612,1
90612,0
32264,0
32264,1
57664,1
63807,1
57664,1
57664,0
63807,0
10834,0
29099,1
37856,1
23735,1
23735,1
23735,1
14732,1
37542,0
37542,1
37542,1
31467,0
31467,1
37573,0
58170,1
37542,0
37542,1
37542,1
97377,1
48953,0
44820,0
21722,1
47948,1
13209,0
44820,0
34306,1
34306,0
25831,1
25831,0
25831,1
25831,0
64826,0
33799,1
89389,1
77332,0
70596,1
77332,0
70596,0
70596,0
36605,0
59020,0
72174,0
23822,0
87454,1
87454,0
23858,0
73936,1
34587,1
73936,0
34587,1
35805,0
71770,0
89167,0
71770,0
27962,0
68013,1
25846,0
27962,1
68013,0
27962,0
27962,0
25846,0
17587,0
63807,0
27962,0
46682,1
51206,0
38567,0
36303,1
42809,0
36303,0
36303,0
85266,0
95701,0
85266,1
85266,0
71951,0
88512,1
71951,0
88512,1
78336,1
78336,1
50441,0
51206,0
50805,1
24931,1
24931,0
70190,0
38556,0
38556,0
38556,0
12034,1
34337,1
34337,0
11311,1
11311,1
22958,1
16555,0
62118,1
82595,1
12093,1
12093,1
55902,1
12093,0
28233,0
28233,0
55902,0
55902,0
95701,1
12402,0
74833,1
12402,1
29005,1
29002,1
29002,0
12402,0
88074,0
16750,0
16750,0
60337,1
60337,1
95701,1
16750,0
71167,0
71951,0
35846,0
30743,1
94738,1
94738,0
50441,1
60778,1
60778,1
10165,1
57906,1
44820,0
28233,0
39797,1
19847,0
28233,1
47948,0
81074,0
38991,1
38991,0
71167,0
81074,0
85081,1
71951,0
28233,1
94973,1
71951,1
11929,0
62265,1
94973,0
94973,0
94973,1
62265,1
55255,0
12402,1
12402,0
12402,1
12402,0
63807,1
63807,1
99298,0
62832,0
62832,0
62832,0
96281,0
56083,0
56083,0
56083,0
56083,0
32832,1
50805,1
50805,1
50805,0
50805,0
53203,1
32832,0
32832,0
91453,0
91453,0
58170,0
51206,0
51206,0
16212,1
16212,1
36605,0
38607,1
38607,1
51206,1
51206,1
51206,0
23735,1
23735,1
91437,0
56115,0
36605,0
97377,0
36605,0
38307,0
55255,0
33139,1
33139,0
33799,1
33799,1
33799,0
31467,0
31467,1
35273,0
35273,1
34667,1
34667,0
83412,0
35805,1
53203,0
58891,1
58891,0
38556,0
22503,0
22503,0
48953,0
94792,0
94792,0
62836,1
14045,0
14045,1
73598,1
30989,0
30989,1
30989,0
30989,0
33182,1
33182,0
33182,1
51308,0
51308,0
51308,1
65783,0
12686,0
58170,1
55255,1
55255,0
55255,0
51206,0
32189,0
32189,1
10165,1
10165,1
10165,1
10165,1
10165,1
11311,1
63295,1
63295,0
11311,1
28233,0
52389,1
52389,1
22035,0
22035,1
52389,1
31198,0
15622,0
11929,1
65783,0
81737,0
16555,0
81737,0
27501,1
20887,1
27501,1
85533,1
85533,0
99298,1
30743,1
51206,0
63295,1
44810,1
35846,0
22118,1
53168,1
99168,0
55852,0
63295,1
63295,0
58891,0
62501,1
62501,1
57664,1
63062,1
63062,0
38307,1
56079,0
15665,0
30743,1
30743,1
78614,0
78614,0
78614,1
57615,0
57615,1
57615,1
76167,1
57615,1
13209,1
13209,0
13209,1
53108,0
90916,1
30751,1
30751,0
30751,0
92376,0
28233,1
28233,0
81737,0
81405,0
12075,0
35762,1
35762,1
35762,1
66264,1
66264,0
66264,0
66264,1
19425,1
19234,0
85266,1
17587,1
85266,0
85266,1
19034,1
99168,0
99581,0
99581,1
86261,1
17286,0
53203,0
53203,0
53203,0
27501,1
30743,1
30743,1
32832,1
32832,0
32832,1
12034,0
12034,1
87124,1
87124,1
57664,1
57664,0
33182,1
76578,0
20906,0
48953,0
58657,0
29005,1
66966,0
66966,0
66966,1
36605,1
36605,1
70596,1
70596,0
90739,0
36605,0
27962,0
27962,1
36605,1
27962,0
27962,0
27962,0
90739,1
90739,0
10165,1
10165,1
20906,0
28233,0
20906,1
47479,1
18059,0
18059,0
15486,1
71945,1
71945,1
88074,0
88074,0
13547,0
39221,1
39221,1
32832,1
88074,1
88074,0
22792,1
94166,1
94166,0
87124,0
11311,1
63807,0
94166,1
94166,0
33182,1
94166,1
33182,1
94166,1
94166,1
94166,0
94166,1
13209,0
33182,1
13209,0
13209,0
72332,1
81405,0
64689,1
92376,1
64689,1
16212,0
63807,0
11311,1
60579,0
11311,1
36713,1
36713,0
30809,1
72332,0
71695,0
16212,0
39827,0
39827,0
92208,0
92208,1
19546,1
35566,0
72332,0
60506,0
60506,0
54719,0
76167,1
54719,0
54719,0
23858,1
23858,0
72332,1
72191,0
72191,0
23858,0
12402,1
30751,0
72191,0
30751,1
12402,0
30751,0
12402,0
52389,1
52389,1
52389,1
29005,1
38607,1
38607,0
29058,1
29058,0
22102,0
19273,0
22102,1
85744,1
31467,1
26223,1
25831,1
31467,1
25831,1
65783,1
23858,1
23858,1
23858,0
80081,1
80081,1
80081,1
38601,1
26223,1
85081,0
85081,0
85081,1
85081,0
85081,0
88142,0
72558,1
71695,0
98601,1
53168,1
62832,1
73598,0
73598,0
51206,0
87124,1
85081,0
72332,0
35566,0
35566,1
27962,0
23178,0
23178,0
81737,1
81737,1
22958,0
34306,0
34306,1
72191,0
79331,1
72332,0
79331,0
79331,1
76578,1
46512,1
72191,0
17587,0
17587,0
73303,0
58657,0
58657,1
94738,0
73598,0
19546,0
19546,1
19546,1
11438,0
71951,0
71951,1
36713,1
63420,1
63420,0
58170,1
27962,0
27962,0
12686,0
87454,0
91450,0
91450,0
91450,0
91450,0
25831,0
99560,1
95777,1
30743,1
30743,1
30743,1
62832,0
62832,1
96137,0
96137,1
31467,1
31467,0
61181,0
61181,1
78456,1
58891,0
58891,0
62118,1
44740,1
44740,1
62118,1
44740,1
62118,1
92208,1
88142,1
88142,0
88142,1
21644,1
57664,0
88142,0
31467,1
31467,0
38567,0
28597,0
38567,0
49264,0
49264,0
36605,0
85266,0
85266,0
85266,1
85266,0
55429,0
44387,0
36713,1
36713,0
30989,1
30989,0
12754,1
12754,1
12754,1
86335,0
88142,1
99562,0
99562,1
30989,0
44810,1
62832,1
62832,1
62832,0
93894,1
81405,1
13476,0
81405,0
81405,1
81405,1
94166,1
94166,1
13476,1
13476,1
58891,0
58891,1
22118,1
83246,0
83246,0
88485,0
11929,0
11929,0
30356,1
47479,0
76148,0
76148,0
99298,0
18612,1
31863,0
81737,0
81737,0
81737,1
81737,0
81737,0
34587,1
56997,0
56997,1
95777,1
55931,1
76148,1
55931,0
41826,0
41826,0
89167,0
89167,0
76148,1
19425,1
59193,1
87124,0
87124,0
30743,0
13209,0
13209,0
24974,1
94738,0
24974,1
24974,1
39221,1
39221,1
58170,0
47479,1
13209,0
13209,1
13209,0
78614,0
21644,0
12402,0
12402,0
94594,0
92208,0
92208,0
71167,0
26544,1
53203,1
38307,1
53203,0
53203,0
88485,0
80900,1
80900,1
28233,1
28233,0
13233,1
13233,1
87124,1
35762,0
35762,1
35762,1
33182,0
33182,1
25213,1
56083,0
56083,0
56083,0
56083,0
82986,0
99298,1
37856,0
37856,0
37856,0
78336,0
78336,0
37785,0
12686,1
30743,0
30743,0
51206,0
29058,0
29058,1
29058,1
51206,0
51206,0
13233,0
13233,1
62832,0
62832,0
62832,1
74973,1
74973,0
66966,0
66966,1
98436,0
55775,1
55775,1
98861,1
25831,0
97458,1
78614,0
25831,0
82986,1
25213,0
30751,1
30751,1
30751,1
30751,0
30751,0
74973,1
74973,1
38461,1
38461,1
38461,0
94738,1
38607,1
38607,1
47479,1
47479,1
71250,1
14732,1
14732,1
88142,1
46802,1
46802,0
70393,1
70393,0
94792,1
94792,0
94792,0
94792,1
94792,1
65067,1
65067,0
24974,1
55255,1
55255,1
55255,0
19875,1
13209,0
13209,0
13209,1
30675,0
58170,0
57095,0
57095,0
83246,0
90739,0
72188,1
94166,0
94166,0
72188,0
37214,0
37214,0
88142,1
83925,0
14045,1
44810,1
44810,1
98043,0
52389,1
52389,0
52389,1
30751,1
30751,0
30751,0
88142,0
30751,0
51206,0
85105,1
85105,1
30356,0
75316,1
98043,0
98043,0
33182,1
75316,0
75316,1
33182,1
33182,1
15486,0
92041,0
91354,1
91354,0
95928,1
30989,0
95928,1
30356,0
94792,0
10760,1
91437,0
91437,0
79113,1
91437,1
60579,1
60579,0
94792,1
98861,1
37542,0
37542,0
37542,0
37542,0
25831,0
25831,0
95156,1
85266,1
85266,0
85266,1
85266,1
96281,0
83925,1
96281,1
96281,1
96281,1
69745,1
36605,1
74804,1
74804,0
54719,0
54719,1
54719,0
54719,0
54719,0
47479,0
54719,0
96126,1
77468,0
77468,1
51206,1
51206,0
88142,1
62118,1
49264,0
36605,1
77923,0
72191,1
72188,0
77923,1
74155,0
53108,0
74155,0
76021,1
50805,1
50805,0
74155,1
43061,1
43061,1
50805,0
49264,0
78614,0
49264,0
19034,0
76989,0
76989,1
76989,0
99168,1
79072,0
81737,0
96126,1
32264,0
32264,1
32264,0
32264,1
67749,1
67749,1
80141,1
80141,0
67232,1
21696,1
52936,0
52936,1
52936,0
98861,1
98861,1
98861,1
98861,1
90028,0
90028,0
67232,0
41433,0
29099,1
67508,0
86569,0
10165,1
10165,1
10165,0
39591,1
39591,1
72829,1
88639,1
21696,1
21696,0
77002,0
21696,1
10674,0
95777,0
95777,0
10674,0
95777,0
21696,0
35846,1
46463,1
99560,0
73598,0
25831,0
99560,1
25831,0
35846,0
95777,1
16555,0
16555,0
36114,1
46802,0
46802,0
95777,0
29514,0
29805,0
18693,0
29514,0
71945,1
71945,1
29805,0
18693,1
23008,0
17914,1
88142,0
30989,1
27273,0
27273,0
51818,0
51516,0
51516,1
51516,1
88364,0
29058,1
29058,1
85081,0
85081,1
37785,0
37785,0
37785,0
91437,0
91437,1
38970,1
38970,1
27962,0
80269,0
27962,1
61822,0
61822,1
61822,0
75231,0
22499,0
97918,1
97918,1
67508,0
97918,1
97918,0
77923,0
46463,0
25831,0
52389,1
52389,1
52389,1
16212,1
72191,1
72191,1
70190,0
30356,1
67831,1
30356,1
30356,0
71167,0
71167,0
88796,0
32189,0
88796,1
86041,0
86041,0
15486,0
16212,1
60778,1
60778,1
88796,0
38601,1
38601,0
98861,1
50392,0
15486,0
36713,1
36713,1
36713,1
13547,1
60579,0
60579,1
27633,0
87454,0
38556,0
87454,0
87454,0
83412,1
83412,1
56316,1
56316,1
53203,1
53203,0
53203,0
62832,0
62832,0
62832,0
44912,0
81405,1
81405,0
49095,1
49095,0
83412,1
71693,1
71693,1
37856,0
22035,1
56083,0
56083,0
56083,0
56083,1
22035,0
87124,0
52389,0
62118,1
62118,1
91453,0
72332,0
72332,0
72332,0
60506,0
38567,0
98436,0
38567,0
87649,0
87649,0
87649,0
44912,0
87649,1
87649,1
87649,0
82991,0
62118,1
62118,0
22118,1
51114,1
74155,0
74155,1
23822,1
23822,0
23822,0
99298,0
99298,1
99298,0
76088,0
76088,0
91453,1
86647,0
86647,1
60762,0
37856,1
85081,0
71167,1
71695,0
81405,1
38556,0
44651,1
43588,1
43588,1
58891,1
58891,0
51114,0
51114,1
51114,1
77923,1
87124,0
36019,1
36019,0
13547,1
60762,1
60762,1
20438,0
11920,0
37856,1
52394,1
32189,0
32189,1
32189,1
32189,1
51114,1
81405,1
81405,0
37856,0
12686,0
85848,0
85848,0
83575,0
50805,1
50805,0
50805,1
66198,0
66198,1
66198,0
72558,1
60778,0
78614,0
78614,0
78614,0
87295,0
57858,0
57858,0
76989,0
76989,1
76989,0
76989,0
27962,0
27962,0
30356,0
30356,1
30356,0
30356,0
30356,0
30356,1
71951,1
71951,1
23178,0
23178,0
22958,1
51206,0
51206,0
78336,1
78336,0
29005,0
35949,0
35949,1
72558,1
29005,1
55429,0
47479,0
55429,1
55429,1
32264,0
17630,0
36605,1
34587,1
80664,1
88364,0
78455,0
34306,1
87124,1
76836,1
23858,1
23858,0
37856,1
23858,0
95928,0
34306,1
95928,1
34143,0
33799,0
76836,0
74803,0
74803,1
32189,0
32189,1
32189,1
32189,0
78455,0
78455,0
16555,0
73303,0
73303,1
16555,0
44740,1
44740,0
44740,1
76836,0
86183,1
86183,1
86183,1
33799,1
74973,0
83575,0
52389,0
52389,1
58891,1
58891,1
92855,0
52389,1
52389,1
52389,1
52936,0
98601,1
98601,0
82942,0
98601,1
51206,0
51206,1
51206,1
91450,1
72191,1
72191,1
25863,1
72191,0
78614,0
22561,0
22561,0
32552,0
39221,1
39221,0
10165,1
10165,0
77923,1
60506,0
57906,0
42276,0
57906,1
76167,0
41826,1
41826,0
42276,0
30675,0
76989,0
79331,0
11447,0
11447,0
11447,1
72191,1
95777,0
74803,1
74803,1
95777,1
74973,0
89167,1
72188,1
89167,1
86647,1
35273,1
86647,1
88142,1
77063,1
88142,1
10674,1
69732,1
10674,1
10674,1
67831,1
76989,0
76989,0
33905,0
76989,0
15622,0
12402,0
12402,0
53151,1
88796,0
56784,1
56784,0
87124,0
56784,1
56784,1
77468,1
77468,1
60778,1
23735,1
23735,0
12686,0
81074,1
81074,1
81074,1
29099,0
76989,0
29099,0
29099,0
29099,0
87193,1
87193,0
38991,1
92030,0
61745,1
81074,0
38991,0
72558,1
38991,1
99298,0
56993,0
56993,0
99298,0
39591,1
39591,0
39591,1
88796,0
82809,0
24931,0
22958,1
22958,0
44387,0
56079,0
56079,1
56079,1
78336,1
62118,0
62118,1
85266,1
85266,0
60579,1
85266,1
85266,0
78336,0
78336,0
78336,0
78336,0
62118,1
99168,1
37856,0
13547,1
88142,0
88142,1
92208,0
92208,1
36605,1
15486,0
54894,0
12686,0
12686,1
12686,0
82986,0
82986,0
21696,1
21696,1
89167,1
89167,1
27558,1
89167,0
62836,0
27558,1
17587,0
17587,0
31467,1
31467,1
74973,1
94166,0
94166,0
96886,0
70261,0
70261,1
44810,0
13209,1
13209,0
13209,1
29005,0
88142,0
88142,0
29005,1
36605,0
27962,0
27962,0
51206,1
51206,1
22118,0
13476,1
13476,1
38556,0
33905,1
27962,1
27962,0
50441,1
60579,0
60579,0
60579,0
11929,1
36605,0
89167,1
87193,0
44820,0
38556,0
51206,0
99581,1
99581,1
51206,0
51206,0
92376,1
14559,1
14559,0
53203,0
56083,1
56083,1
53203,0
53203,0
81074,0
56083,0
56083,0
94594,0
89383,0
89383,1
15300,1
15300,0
94738,0
33182,0
33182,0
47479,0
16955,0
16955,0
30356,0
87454,0
87454,1
87454,1
30356,0
31863,1
31863,0
31863,0
22958,1
25831,0
25831,0
74973,0
94166,0
32832,0
32832,1
32832,1
74973,1
87124,0
95777,1
95777,1
11929,0
20438,1
20438,0
30356,1
30356,1
30356,1
74973,0
47479,0
12686,0
16838,0
12686,0
12686,0
12686,0
81737,0
81737,1
81737,0
37856,0
16212,1
26988,0
26988,1
57906,0
57906,0
87454,0
32189,0
32189,0
66991,1
66991,0
79072,1
79072,0
20865,0
13233,1
94738,1
62832,0
62832,0
62832,0
81019,0
94738,0
18059,0
18059,1
66264,0
29857,1
66264,0
30356,0
30356,0
30356,0
30356,0
30743,0
30743,0
98601,0
98601,0
92081,0
92081,0
87124,0
51206,0
51206,1
51206,1
18693,0
53203,1
79331,0
79331,1
79331,0
18693,0
56083,1
71695,0
71695,1
46463,0
94989,1
31467,0
62265,1
36605,0
62265,0
62265,0
62265,1
36605,0
47479,1
56079,0
56079,1
58891,1
58891,0
58891,0
58891,0
44810,0
44810,1
44810,1
74796,0
25831,0
44912,0
44912,1
25831,0
55255,0
95156,0
95156,1
95156,1
27962,1
27962,0
27962,0
87110,0
87110,0
87110,0
54975,0
54975,0
75231,1
34143,1
97640,0
11311,1
66198,0
66198,0
86294,0
92208,1
52394,0
52394,0
98042,0
98042,1
98042,0
99298,1
67831,0
91450,0
33188,0
67831,1
22938,1
22938,0
47479,0
47479,0
12402,1
12402,0
65783,0
22958,0
26269,1
97640,0
97640,1
97640,0
87124,0
87124,0
34337,1
34337,0
72558,1
91164,1
73303,0
88142,1
76989,0
76989,0
24974,1
41826,0
31467,0
41826,0
31467,1
33905,1
73598,1
11929,1
65783,0
56107,1
56107,1
50805,0
50805,0
50805,0
54510,0
54510,0
44387,0
52259,1
90739,0
93133,1
93133,0
51206,1
93133,0
51206,0
36184,1
46802,1
94989,1
30743,1
94989,1
30743,1
31467,0
31467,1
30743,0
30743,0
99438,0
32832,1
44912,0
32832,1
32832,1
30751,1
30751,1
30751,1
30751,0
30751,1
30751,1
30751,0
94989,1
82986,0
36114,0
36114,0
27962,1
27962,0
27962,1
71951,0
44810,1
44810,0
42610,0
58891,1
38601,1
38601,1
72191,0
32138,0
32138,0
32138,0
52936,1
10165,1
10165,1
10165,1
54894,0
78614,1
31467,1
31467,0
78614,0
78614,0
53203,0
31467,1
56680,0
98861,1
94594,0
99560,0
99560,1
63295,0
63295,0
63295,1
63295,0
63295,0
88142,0
55429,1
55429,1
93894,1
93894,1
53203,0
99298,1
86647,1
16212,1
81737,1
38556,0
55255,0
28614,0
28614,1
28614,1
81737,0
81737,0
55255,0
81737,0
13233,0
88142,0
39591,1
80081,1
80081,0
80081,0
47479,0
80081,0
80081,1
23858,0
39591,1
81737,1
35846,1
81737,1
81737,0
81737,1
35846,1
96281,0
96281,0
96281,0
51206,0
37856,0
37856,0
94594,0
94594,1
30743,0
22118,1
75231,0
88142,1
12075,1
36605,0
36605,0
36605,1
63295,0
63295,1
71951,0
71951,0
85266,1
71951,1
85266,1
85266,0
85266,0
79331,1
79331,1
73598,0
73598,1
79331,0
12402,0
12402,0
32832,0
32832,1
32832,0
58891,0
58891,0
58891,1
31675,1
31675,1
38307,1
30751,1
90028,0
90028,0
90028,1
53902,0
53902,0
38556,0
33182,0
33182,1
33182,1
33182,0
33182,1
17914,1
93074,0
98601,1
26645,0
81694,1
81694,0
81694,0
29099,0
55429,0
13233,0
99298,1
53108,0
53108,1
73303,0
73303,0
73303,1
12686,0
12686,0
12686,0
53902,0
44740,0
44740,1
44740,0
16750,1
16750,0
16750,1
86583,0
72188,1
56680,1
52784,0
52784,1
86583,0
36139,0
12686,0
99168,1
98601,0
99168,1
99168,1
98601,1
72558,1
30751,0
30751,0
30751,1
86647,1
86647,1
53203,0
53203,0
22118,1
51206,1
21696,0
74973,1
26988,1
26988,0
21696,1
86555,1
86555,1
51206,0
33182,1
33182,1
35062,1
35062,0
35062,1
54719,0
54719,0
54719,0
82809,1
82809,0
82809,0
82809,1
59931,1
12754,1
44565,1
94166,1
69732,1
44565,0
94166,0
94166,0
35762,1
74973,1
74973,1
80269,0
91453,0
31422,0
31422,0
22958,1
38567,0
32264,0
29058,0
29058,0
29058,1
35846,0
35846,0
62836,0
85081,1
85081,1
85081,1
85081,1
85081,0
85081,1
62118,1
62118,1
31422,1
31422,0
31422,0
31422,1
25944,0
25944,1
32189,0
32189,0
32189,0
32189,1
87997,1
87997,1
10674,0
51206,0
94973,0
83246,0
91453,1
91453,0
91453,0
94166,0
94166,1
77063,0
33861,1
33861,0
33861,1
33861,0
13233,0
64689,0
64689,1
64689,1
47479,0
34587,1
65783,1
55852,0
33799,1
53203,0
53203,0
53203,0
55852,1
53203,0
22118,1
10834,0
36454,1
72558,1
62118,0
62118,1
51206,0
10834,0
29058,1
29058,1
56316,1
77063,0
56316,1
56316,0
51206,0
79072,0
47414,1
10834,0
95568,0
95568,1
72191,1
43061,0
93229,0
65576,1
72191,0
93229,0
76167,0
90739,0
90739,0
30743,0
30743,0
30743,1
69740,1
69740,1
22958,0
98861,1
29005,1
29005,1
96886,0
96886,0
10674,1
10674,1
96886,0
73598,0
57858,0
57858,0
57858,0
78336,0
78336,0
56079,0
58891,0
58891,1
92203,1
58170,1
11976,1
66264,0
31467,0
44742,0
31467,0
18693,1
18693,0
18693,1
12686,0
12686,0
12686,1
12686,0
12686,0
50441,0
42610,0
44636,1
77063,0
77063,0
59063,0
88142,0
88142,1
92855,0
92855,0
16212,0
72191,0
72191,1
16212,1
70190,0
70190,0
34306,1
34306,0
34306,1
34306,0
58891,0
58891,1
46802,0
46802,0
36713,1
36713,0
36713,0
66198,0
66198,0
78336,1
78336,1
78336,1
52389,0
43061,1
52389,0
52389,1
52389,1
33861,1
33861,0
31467,1
52389,1
52389,1
52389,1
72191,0
72191,0
96925,0
14897,0
14897,0
13547,0
16080,1
86053,0
27962,0
38461,0
38461,1
77923,0
77923,0
77923,0
56079,0
10165,0
10165,1
10165,1
64689,0
64689,0
42610,0
60506,0
63062,0
82020,0
66198,0
32189,0
32189,0
74497,0
82809,1
82809,0
11311,1
32189,0
47479,1
27962,1
56079,0
22958,1
30743,0
32552,0
54961,0
81694,1
81694,1
81694,0
81074,1
74973,1
74973,1
74973,1
95928,0
95928,0
52784,0
87124,0
88142,1
65783,0
40472,0
26988,0
26988,0
39827,0
47479,0
47479,0
87124,1
73598,1
88142,1
17587,0
17587,0
36713,0
36713,0
32264,0
94989,1
44820,0
44820,0
63295,1
63295,1
94989,0
63295,1
63295,0
47479,1
92203,0
58891,1
72332,1
82986,0
82986,0
82986,0
15486,0
19443,0
19443,1
19443,1
60506,0
57194,1
51206,0
57194,0
15683,1
15683,1
87124,0
87124,0
86647,1
58891,1
30743,1
30743,0
21696,0
21696,1
65786,0
65786,1
65786,0
65786,0
99298,1
11311,0
10834,1
94594,0
94594,0
32832,1
13476,0
32832,1
32832,1
13476,1
91453,0
72332,1
72332,1
72003,1
72003,0
72003,1
45760,0
55720,1
18059,0
18059,1
18059,1
18059,1
18059,0
94293,0
94293,0
94293,1
36713,1
36713,1
29099,0
51206,0
36019,1
59020,0
59063,1
98861,1
81663,0
81663,1
10674,0
10674,1
81074,1
81074,0
14045,1
72191,0
72191,1
72191,1
66264,0
86183,0
86183,0
66264,0
16955,0
79072,0
83925,0
13547,1
13209,0
13209,0
13209,0
93894,1
93894,1
52389,1
76836,0
57906,0
57906,1
79072,0
46802,1
46802,0
99066,1
99066,1
99066,1
99066,1
10674,1
91871,1
91871,0
91871,0
94594,0
94594,0
39221,1
39221,0
29005,0
90739,0
90739,0
90739,0
44820,0
98861,1
98861,1
30751,1
46463,1
30751,1
30751,0
30751,0
30751,0
30751,1
30751,0
57858,0
57858,0
55429,1
51206,0
98861,1
98861,1
29058,1
29058,1
30356,0
87124,0
91164,0
83246,0
83246,0
56107,0
22958,0
41826,1
41826,1
41826,0
92376,1
81074,0
30743,1
59847,1
30743,1
32264,0
32264,1
74663,0
99298,0
43365,0
43365,1
36605,0
31467,0
31467,0
87649,1
87649,0
31467,0
31422,0
31422,0
31422,1
99560,0
30356,0
30356,0
30356,0
56115,0
56115,0
30356,0
47257,0
99298,0
56079,1
31467,1
31467,1
31467,0
34143,1
61292,0
61292,0
76088,0
76088,0
45760,1
13209,0
13209,0
13209,1
90739,0
90739,0
90739,0
31925,0
47926,0
46802,1
46802,1
46802,1
37337,0
25717,1
37337,0
36605,0
74497,0
31925,1
47926,0
47926,1
23822,1
80900,0
23822,1
23822,1
56296,1
95701,1
95156,1
95156,1
95701,0
52389,1
56296,0
52389,0
86647,1
98601,0
56079,0
34501,0
34501,0
58891,0
24974,1
76989,0
14045,0
76989,0
14045,0
24974,1
24974,1
35846,1
76989,0
99066,1
99066,1
44740,0
44740,0
76989,0
44740,1
76989,0
35846,0
36184,1
12686,0
95928,0
36184,1
95928,0
76989,0
62000,1
38461,0
38461,1
38461,1
76989,0
76989,0
30751,1
30751,0
30751,0
30751,1
34143,1
30751,0
52936,0
62000,1
32138,0
32138,0
32189,0
32189,0
33799,0
76088,0
76088,0
36605,1
35846,0
15665,0
17914,0
98601,1
51206,0
51206,0
58891,0
43563,0
35846,0
15486,0
15665,0
41848,0
56316,0
32189,0
13209,0
13209,0
13209,0
66966,0
66966,1
30743,1
94973,0
94973,0
94973,1
53203,0
53203,0
53203,0
15486,0
10674,0
58170,0
94166,0
94166,0
48669,0
89383,0
65786,1
65786,0
41848,0
41848,0
87571,0
44810,0
44810,0
22118,1
76088,0
76088,1
75316,0
75316,0
87246,1
83412,0
72558,1
51206,0
51206,1
11311,0
11311,0
56079,0
38970,1
38970,1
53203,0
10674,0
51206,0
43452,1
51206,0
35846,0
32189,0
24963,0
12402,1
12402,0
44820,0
44820,1
71695,1
27128,0
78455,0
11429,1
11429,1
11429,1
41433,0
27128,1
27128,0
27128,0
67831,1
66198,0
31467,0
31467,1
31467,0
31467,0
63295,0
10834,0
10834,0
59931,0
25944,1
29514,0
29514,1
30356,0
30356,1
30356,1
30356,0
30356,0
30356,0
10165,1
15486,0
67749,1
67749,0
67749,0
13198,0
74803,0
72558,1
62415,0
62415,1
54510,0
33510,0
54510,0
22140,1
55429,0
27584,1
27584,0
27584,1
22081,0
51206,0
51206,1
74973,1
75316,0
22958,1
27962,0
27962,0
50805,0
50805,1
51206,1
66198,0
44810,1
66198,0
60894,0
54510,0
54510,0
92208,1
81737,0
81737,0
85081,1
81737,1
81737,0
87124,0
32264,0
32264,1
47479,0
56079,0
26089,0
52936,0
61382,0
61181,1
61181,0
61181,0
57615,0
76088,0
16555,1
24444,1
17854,1
24444,0
55844,1
80269,0
39221,1
39221,1
71951,0
87124,0
23858,0
70190,0
44820,1
53108,0
53108,1
34667,0
63443,0
63443,1
83246,1
96281,0
96281,0
96281,0
12075,0
81074,0
78840,1
58170,1
34306,1
36713,1
36713,0
99298,0
29857,1
83976,1
51206,0
51206,0
38307,0
83412,0
83412,0
36605,1
87454,0
87479,0
11929,0
11929,0
83412,0
53108,1
31467,0
82986,0
61292,1
11311,0
28831,0
24974,1
32264,0
32264,1
85081,1
85081,0
52784,0
38556,0
65067,1
65067,1
36605,0
78336,1
13476,0
13476,1
66198,0
36114,1
90739,0
90739,0
90739,0
73598,1
71951,1
37856,0
78336,0
86053,0
62118,1
62118,0
95928,1
95928,1
21722,0
21722,0
30743,0
30743,0
30743,0
39591,1
39591,1
99213,0
99213,0
99213,0
99213,0
29058,0
29058,0
29058,1
53203,1
53203,0
53203,1
53203,1
94973,0
56680,0
56680,0
70190,0
70190,1
70190,0
63062,0
63062,1
38556,0
79072,0
22081,0
36605,1
83246,0
78401,1
33182,1
33182,0
33182,1
33182,0
38607,1
38607,0
88142,1
33510,0
33510,0
33510,1
32189,0
32189,0
47330,1
38556,0
47330,0
47330,0
38556,0
38556,0
46463,0
52389,0
71167,1
12686,0
66264,1
66264,0
66264,0
66264,0
77923,0
77923,0
77923,1
77923,0
77923,0
32832,0
12075,0
12075,0
12075,0
46802,0
89383,1
46802,0
46802,0
46802,1
99560,0
27962,0
27962,0
27962,0
75316,1
23178,1
75316,0
75316,0
35273,0
59931,1
55836,0
55836,0
32264,0
32264,1
79010,0
88142,0
16555,0
16555,1
88142,0
88142,1
23178,0
16555,1
34866,1
34866,0
17286,0
56316,0
46055,1
42276,0
42276,0
99298,1
25944,1
77923,0
65786,0
10165,1
10165,0
10165,0
90028,1
90028,1
95928,1
16555,0
16555,0
34897,0
34897,0
87778,0
13209,1
13209,0
36114,1
44820,0
44820,1
44820,1
44820,0
55836,0
88142,1
82809,0
82809,1
51114,1
85224,0
78336,0
78336,1
78336,0
77063,1
35062,0
12686,0
12686,0
12686,0
52389,1
52389,1
52389,0
52389,1
35062,1
35062,1
35062,0
86053,0
37475,1
37475,1
37475,0
38307,0
89167,0
89167,1
72188,1
57194,1
12402,0
34501,0
12402,1
39221,1
39221,1
32832,1
32832,0
83246,0
32832,1
83246,0
83246,0
78919,1
53203,0
88142,1
64503,1
64503,1
62118,1
30675,0
70190,0
70190,0
21696,1
86041,1
86041,0
90028,1
90028,1
10834,0
10834,1
25944,1
53203,0
46055,0
56079,1
58170,1
13209,0
13209,0
13209,0
34337,1
34337,0
73598,0
73598,0
73303,0
73303,0
19034,1
19034,0
50441,0
25944,0
19443,0
12402,1
19443,1
19443,1
96886,0
10165,1
10165,0
78336,0
78336,1
35762,1
35762,1
29005,0
67232,1
14045,1
89167,0
34587,0
15083,0
33861,1
34587,0
38970,1
38601,1
38601,1
12402,0
34587,0
31422,0
31422,0
34587,1
51114,0
34587,1
51114,1
82986,0
82986,1
82986,0
18059,1
57906,0
36605,1
34587,1
10674,1
61745,0
32189,0
32189,0
32189,0
54510,0
87124,0
87124,0
78614,1
32552,0
83925,1
81737,0
81737,0
35846,0
81737,0
35846,1
15622,1
15622,1
81737,0
39221,1
47330,0
47330,1
47330,0
65783,0
35846,0
10674,0
10674,0
87124,0
35949,0
35949,1
53203,1
27962,1
95928,1
27962,0
27962,1
32264,0
32264,1
74803,1
74803,1
23858,0
23858,0
62118,1
62118,0
62118,1
85081,1
85081,1
85081,0
85081,0
67232,0
52389,1
52389,1
67749,0
67749,0
94989,0
55852,0
15864,0
15864,0
96886,0
96886,1
96886,0
55844,0
55844,1
16212,1
44810,0
44810,0
44810,1
44810,1
44810,0
31467,0
31467,1
31467,0
31467,0
31467,0
16212,1
86053,0
82809,0
82809,0
74367,0
79103,1
87246,1
87246,0
13547,1
82028,1
26988,1
26988,1
76683,1
36605,1
70075,0
77923,1
77923,0
77923,0
34897,1
17914,0
72003,1
94166,0
94166,0
72003,0
72003,0
58891,0
63320,0
63320,0
58891,0
58891,0
15864,0
57906,1
57906,1
43588,1
43588,1
74183,0
74183,0
74183,0
63062,1
22353,0
86647,0
53203,0
99298,0
99298,0
99298,0
34306,1
59847,0
83246,0
83246,0
83246,0
15683,0
12402,0
12402,1
12402,1
98861,1
66198,1
66198,1
66198,0
98861,1
98861,1
15683,1
33861,1
33861,1
27273,0
27273,0
74497,0
74497,0
62265,0
78336,0
51206,0
51206,0
51206,0
21696,0
36713,1
36713,1
94973,1
94973,0
34306,1
71716,0
71716,0
71716,1
71716,0
22081,1
22081,0
29042,0
70596,1
78456,0
94989,1
70596,1
87124,1
19443,0
19443,1
19443,1
50805,0
50805,1
33188,0
15300,0
15300,1
44158,0
62265,1
94989,0
30675,0
50441,0
21722,1
50441,0
29099,1
23822,1
23822,1
23822,1
63062,1
23744,1
23744,1
38991,0
73598,1
21722,1
87571,0
87571,1
87571,1
35846,1
35846,0
42560,1
42560,0
73598,0
30751,0
30751,0
30751,0
61181,1
30751,0
30751,1
61181,1
61181,1
77923,1
57925,1
57925,0
57925,1
62118,1
20091,0
20091,1
99298,1
12093,1
83412,1
12093,1
94738,0
86647,1
86647,0
86647,0
21696,1
21696,1
44158,0
44158,1
44158,1
44158,1
48953,0
82809,1
34587,1
19034,1
39591,1
39591,1
39591,0
60894,1
35846,0
94738,0
38307,0
38307,1
62182,1
75316,1
75316,0
75316,1
35846,0
55429,0
87193,0
87193,0
55429,0
55429,0
55429,1
47479,1
27962,0
27962,1
29005,0
29005,0
88142,1
69732,1
23858,1
12686,0
12686,0
12686,0
91453,0
91453,1
52389,0
52389,1
44742,0
25863,1
25863,1
44740,1
44740,0
44740,1
22958,1
72558,0
44742,0
44742,0
27260,1
13233,1
13233,0
10165,0
10165,1
10165,1
62265,1
16555,0
16555,0
62118,0
62118,1
62118,1
50441,1
96137,0
56993,0
56993,0
12686,1
12686,1
12686,0
12686,1
39749,0
39749,0
80356,1
67232,0
67232,0
37856,0
71716,0
71716,1
71716,0
71951,0
71951,0
71951,0
71951,0
27501,0
99298,0
41826,1
41826,1
47479,0
87124,0
41826,0
66198,0
66198,0
66198,0
35128,1
35128,1
18610,1
18610,1
32189,0
15300,1
54719,0
90028,0
90028,1
21722,1
80081,0
38461,0
38461,1
38461,1
38991,0
38991,0
51206,0
81737,0
81737,0
81737,0
47479,1
47479,0
52389,1
55775,0
52389,1
47330,0
47330,1
47330,0
27962,0
25536,0
36713,1
36713,1
36713,1
25536,0
38556,0
16555,1
53203,0
53203,0
53203,0
53203,1
87124,1
30177,1
78336,0
34143,0
34143,1
95928,0
95928,1
90028,1
26544,1
72332,1
72332,1
55836,0
35273,0
35273,1
36114,1
22353,1
47479,1
31467,1
99298,0
15300,1
15300,1
15300,0
15300,1
92208,1
92208,1
36019,1
36019,1
36019,0
32832,1
32832,1
39180,0
87124,0
62118,1
59847,1
59847,0
75316,1
75316,0
75316,0
27962,0
27962,0
27962,0
62265,0
83968,0
47479,0
22140,1
22140,1
47479,1
13209,0
31343,1
31343,1
31343,0
77063,0
77063,0
77063,1
71695,0
10165,0
10165,1
10165,1
17688,1
56316,0
83968,1
29005,0
92376,1
92376,1
72558,1
65783,0
99438,0
62265,0
62265,0
74183,0
74183,0
29857,1
19847,0
60506,0
51206,0
38991,1
65783,1
65783,0
22353,1
29058,0
29058,1
29058,1
33861,1
81074,0
71716,0
71716,1
71716,0
72563,0
72563,0
87193,1
74803,0
74803,1
98757,1
98757,0
29005,1
81074,0
63320,1
63320,1
41433,1
53217,0
44820,0
44820,1
87124,0
54719,1
54719,0
54719,0
46463,0
27962,1
34306,1
30675,1
58891,1
99169,1
32832,1
32832,0
32832,0
34866,0
34866,0
75316,0
75316,0
75316,0
37214,0
37214,1
51114,0
51114,1
46316,1
46316,0
46316,0
94166,0
94166,0
94166,1
94166,0
24444,1
24444,0
24444,0
82217,1
89383,1
89383,0
71695,1
71695,0
85081,1
85081,0
13209,0
13209,0
13209,0
86555,1
16212,1
31467,0
31467,0
53203,0
53203,1
53203,0
85551,1
74367,1
29005,0
63443,0
46463,0
63443,1
29005,0
30177,1
66198,0
66198,0
66198,0
97252,0
97252,0
53217,0
32189,1
32189,1
32189,0
19443,0
19443,1
19443,1
29005,0
46316,0
46316,1
76836,1
30751,1
49497,0
60778,1
60778,1
81663,0
81663,1
55836,0
55836,1
55836,0
13547,0
26364,0
71951,0
26364,1
89167,1
89167,1
94166,1
90739,0
90739,0
90739,0
30989,0
72558,1
96886,0
24931,1
38607,1
38607,0
95701,1
38607,0
71951,0
77923,1
71951,1
13547,1
29588,1
29588,0
29588,0
30356,0
93894,1
93894,1
23178,1
71716,0
71716,0
71716,1
38991,0
87124,1
64689,1
38991,0
38991,0
13209,0
96886,0
96886,0
85081,1
36114,0
30751,0
30751,1
30751,1
30751,1
30751,0
22353,1
58891,0
74183,0
19443,0
19443,1
19443,1
87124,1
69980,1
69980,0
69980,1
58891,1
58891,0
58891,0
32264,0
32264,1
22118,1
22118,0
44810,1
44810,1
44810,1
53203,1
51114,1
51114,0
51114,1
32189,0
32189,0
32189,0
11050,0
32189,0
32189,0
32189,1
31467,0
55775,0
31467,0
99560,1
31012,1
12246,0
81074,0
29005,1
77923,0
77923,0
77923,0
77923,0
77923,0
77923,0
77923,1
60579,0
60579,0
88142,1
88142,0
88142,1
70596,0
34306,1
27962,1
27962,0
27962,1
76836,0
51308,1
89167,1
51308,1
89167,0
89167,0
93133,0
38991,0
81737,1
81737,0
23858,0
57906,0
81737,0
81737,1
81737,0
81737,0
60506,0
87124,0
81737,0
87124,1
59847,1
36713,0
36713,1
36713,0
36713,0
36713,1
63633,0
44810,1
88142,0
59847,1
65067,1
65067,1
89167,1
17020,0
17020,1
31457,0
31457,0
65807,1
71167,0
71167,1
87193,0
87193,0
44561,0
44561,0
22958,0
74367,1
81737,0
74367,1
91683,1
91683,1
82809,0
53203,1
53203,0
74497,1
10165,1
99560,0
10165,1
10165,1
86041,0
88421,1
96400,1
96400,1
72188,0
62836,1
87124,0
29857,1
71716,1
69740,0
69740,1
71716,1
71716,1
71716,1
71716,0
95928,0
95928,1
60506,0
60506,0
60506,0
55844,0
55844,0
10760,1
10760,0
60850,0
60850,1
38601,1
38601,0
34143,0
98861,1
98861,1
54510,0
54510,1
47330,1
54510,0
47330,0
47330,1
86183,1
33510,0
33510,0
76454,0
76454,0
39180,0
39180,1
83925,0
70075,0
31675,0
31675,1
87571,1
11976,1
11976,1
13233,1
13233,1
94894,1
94894,1
30751,0
51206,0
19847,1
19847,0
94989,1
53137,0
87571,1
44820,1
44820,0
70075,0
87571,1
35062,1
94973,0
94973,0
93074,1
93074,0
41607,0
86183,1
36713,1
35062,1
56316,0
56316,1
27962,0
39221,1
27962,0
27962,0
27962,0
98861,1
98861,1
76167,0
43588,1
43588,1
12093,0
71716,1
87124,0
72188,1
37856,0
60778,1
60778,0
60778,1
67232,1
60778,1
60778,1
78614,0
87124,0
71945,1
22147,1
19546,0
27128,0
22147,1
84297,1
16555,0
16555,1
16555,0
16555,0
25944,0
25944,1
38307,1
77063,0
77063,1
58891,1
32189,0
58891,0
30197,1
30197,0
27962,0
27962,0
71951,0
74833,1
74833,1
74833,1
44565,1
44565,0
53203,1
53203,0
53203,1
51206,0
59847,1
59847,1
38556,0
38556,0
37214,1
85081,0
85081,1
25863,1
25863,1
31467,0
37214,0
57906,0
35846,1
57906,0
35846,0
31467,0
31467,0
34306,0
74497,0
10165,0
10165,1
10165,1
10165,0
10165,0
10165,1
57906,0
41433,1
30675,1
95701,0
23858,0
66198,1
66198,1
66198,0
88222,1
87571,1
55488,0
44810,1
44810,1
78614,0
78614,0
78614,0
24974,0
58638,1
14559,0
14559,1
78336,1
78336,0
62182,1
62182,0
14045,1
27962,1
26544,1
32832,0
32832,1
98861,1
38970,1
38970,1
38556,0
51206,0
95928,0
95928,0
22958,1
72209,1
32224,0
72209,0
90203,1
72209,1
63443,1
65807,1
65807,0
89021,1
30356,0
30356,0
30356,0
30356,0
30356,0
30356,1
83412,1
83412,1
16555,0
55488,1
39221,1
39221,1
38991,0
38991,0
38991,0
38991,1
78455,0
78455,1
32264,0
32264,1
78455,1
16080,0
27962,1
57906,1
56993,0
56993,0
83925,0
51206,0
67232,1
76304,1
27260,1
58170,1
53203,0
53203,0
53203,0
58891,0
53203,1
51206,1
51206,0
24444,0
24444,0
81737,0
81737,0
81737,1
81737,1
51206,0
94989,1
22353,1
78614,0
78614,1
53203,0
55887,1
55887,1
51114,1
51114,0
51114,1
53108,0
53108,0
62836,1
33861,1
32832,1
82809,1
82809,1
82809,0
67232,0
78336,0
78336,0
85081,0
85081,1
89167,0
89167,0
89167,0
70393,0
85081,0
65783,0
11050,0
85081,1
27962,0
34897,0
85081,0
85081,0
85081,1
34501,1
34501,0
16080,1
33510,1
89918,0
89918,1
30356,0
30356,1
30356,0
30356,0
23384,1
23384,0
33510,0
33510,0
33510,0
33510,0
56615,0
56615,0
30751,0
30751,0
30751,0
60850,0
60850,0
60850,1
34971,1
58170,1
58170,0
58170,1
34971,0
81019,0
81019,0
62118,0
62118,1
62118,1
34971,0
34971,0
38556,0
89029,1
16080,1
30743,1
30743,0
30743,1
78614,0
27962,0
27962,0
81694,0
81694,1
81694,1
51206,1
21948,0
32832,0
32832,1
73936,0
16080,1
30743,0
53125,0
53125,0
29005,0
21948,1
16212,1
21948,0
41826,1
74497,1
87124,1
41826,0
72198,1
72198,0
87124,0
87124,0
81737,1
81737,0
81737,0
44565,1
44565,0
78336,1
21948,1
21948,0
34971,0
62118,1
62118,0
62118,1
62118,0
62118,1
62118,1
19847,0
72188,0
72188,1
53108,1
16212,0
16555,0
16555,0
16555,0
16555,0
16555,0
82433,1
34306,1
30751,0
98861,1
76836,0
39180,1
19443,1
19443,1
89167,0
16555,0
16555,0
89167,0
89167,0
87649,0
87649,0
87649,1
22118,1
19875,1
36713,0
95701,1
31675,1
31675,0
74803,1
74803,1
95701,1
78614,0
78614,1
53108,0
78614,0
78614,1
78614,0
78614,0
78614,0
78614,0
78614,0
99215,1
87582,0
87582,1
63320,0
63320,0
94166,0
94166,0
29588,1
76836,0
19273,1
58891,0
97918,0
27962,0
27962,0
27962,1
82760,1
33861,1
36114,0
71716,0
71716,1
67232,1
27962,0
69732,1
69732,0
39681,0
39681,1
10165,1
10165,0
10165,1
53203,1
36114,1
61070,0
61070,1
75316,1
75316,0
75316,0
17688,1
32832,0
32832,1
32832,0
10760,1
10760,1
22958,0
78614,1
78614,0
78614,0
34971,0
34971,0
34971,0
34971,1
81737,0
81074,1
81074,0
98861,1
81074,0
55887,1
55887,0
55426,1
94738,0
94738,0
34143,0
71716,1
38991,1
86365,1
86365,1
72558,0
72558,1
21696,0
35062,0
35062,1
35062,1
58945,0
45023,1
58891,0
45023,1
58891,1
58891,0
58891,0
53203,0
53203,0
53203,0
53203,0
53203,0
66264,0
66264,1
66264,0
52389,0
35062,0
52389,1
52389,1
35062,1
70393,0
55852,0
21948,0
41433,0
58638,1
88142,1
65364,0
65364,1
65364,0
87791,0
34897,1
10979,0
38991,0
58638,1
38991,0
65410,0
67232,0
37524,1
24444,0
12754,1
12754,1
28831,0
28831,0
15258,1
61745,0
63321,1
88142,0
58638,0
88142,0
58638,0
61745,1
59655,1
37214,0
89167,0
83682,0
83682,0
57422,1
57422,0
57323,1
57323,0
46316,0
46316,1
88142,1
18612,0
13233,1
13233,0
44820,0
44820,0
69980,0
69980,0
87791,0
38991,0
30751,1
30751,0
30751,0
81074,1
81074,1
87791,0
74183,0
95156,0
74183,0
97918,1
71695,0
34306,0
51194,0
11050,0
16240,0
16240,0
94166,1
94166,1
41433,1
95928,1
77063,0
77063,0
93133,0
24286,0
24286,1
59802,0
59802,1
59802,0
53649,0
80664,1
31863,0
60506,0
60506,0
38461,0
38461,1
38461,1
38461,1
38461,1
99438,0
39221,1
39221,0
30675,1
93133,0
30675,0
27962,0
27962,0
51206,1
71716,1
13385,1
13385,0
13385,0
51508,1
47330,1
47330,1
47330,0
22958,1
22958,1
51206,0
89029,1
67749,0
67749,1
83682,0
71516,1
71516,1
99066,1
60778,1
80356,0
60778,1
17854,0
17854,1
51206,0
32264,1
32264,1
83682,1
83682,0
83682,0
83682,0
83682,0
83682,0
58891,0
66198,0
66198,0
51206,1
51206,0
87124,0
81737,0
30356,1
30356,0
30356,1
45023,0
45023,1
33861,0
33861,1
29058,1
29058,1
37856,0
37856,0
71945,1
71945,1
87246,1
13209,0
13209,0
60506,0
30489,1
30489,0
74497,0
74497,1
99066,0
99066,1
33861,1
53565,1
33861,1
92041,1
95156,0
87124,0
35846,1
22958,1
36713,1
86647,0
55255,0
55255,0
26269,1
90675,0
90675,0
90675,0
62836,1
72775,1
60506,0
62118,0
34971,0
62118,1
89167,0
89167,0
69732,0
98861,1
98861,1
95295,0
95295,0
95295,1
82760,1
35846,1
69732,1
21696,1
21696,0
23822,1
21696,1
23822,1
23822,1
21696,1
27962,0
27962,0
21696,1
21696,0
83246,1
82760,1
32552,1
32552,1
21948,0
31675,0
31675,1
57615,1
57615,1
57615,0
86555,1
86555,0
43588,1
43588,1
86555,0
78614,0
78614,0
81737,1
81737,0
30955,0
30955,0
96281,0
96281,0
66198,0
66198,1
10165,1
44820,0
44820,0
44820,1
44820,0
74497,0
74497,0
34143,1
34143,0
88142,1
60506,0
74497,0
74497,0
61745,0
61745,0
19273,1
77799,1
46712,0
46712,1
21948,1
87246,1
96281,0
96281,1
42560,0
97918,0
11547,0
58891,0
10979,0
24133,1
24133,0
75316,0
85081,0
85081,1
85081,0
75316,1
85081,1
75316,0
85081,0
19273,1
19875,1
98861,1
20091,0
20091,1
20091,1
83682,0
83682,0
83682,0
83682,0
83682,0
83682,1
64689,1
64689,1
30924,0
53203,0
71716,0
71716,1
71716,0
63443,1
63443,0
58891,0
27962,1
27962,0
27962,0
45023,1
83412,1
45023,1
45023,0
45023,1
45023,0
47479,0
45023,1
45023,1
67232,1
48834,1
48834,1
77799,1
46674,1
81737,0
86053,0
78614,0
78614,0
25944,1
25944,1
39221,1
35949,0
35949,0
35949,1
35949,0
22353,1
46674,0
83412,1
16263,0
16263,1
42560,0
90028,1
90028,1
29392,0
50441,0
50441,1
68174,0
68174,0
82986,1
60506,0
68174,1
68174,1
31012,0
31012,1
29058,1
29058,0
51206,0
51206,0
51206,1
72188,1
57615,1
20011,1
87124,0
57615,0
57615,0
41826,0
16212,0
95683,0
95683,1
55488,0
29152,0
29152,0
60506,0
60506,1
32552,0
87919,1
33861,1
33861,1
58891,0
86053,1
58891,0
58891,0
65783,0
65783,0
87124,1
32552,0
32552,0
87919,0
29058,1
29058,1
42809,1
42809,1
10165,1
10165,1
10165,1
98861,1
77063,1
77063,1
35971,1
35971,0
57615,0
98861,1
98861,1
36454,0
53203,0
53203,0
53203,0
98861,1
17286,0
16212,1
93133,1
87997,1
35846,0
35846,0
87997,1
87124,1
87124,1
87124,0
60506,0
12476,1
12476,1
36713,1
36713,1
13476,1
31012,0
13476,1
61070,0
61070,0
53203,1
85081,0
43415,0
43415,1
94293,1
89029,0
89029,1
94293,0
94293,1
45637,0
83412,1
59802,0
59802,0
59802,0
87791,0
80900,0
37524,0
78614,0
78614,0
78614,0
85081,1
85081,1
85081,0
85081,1
92208,1
92208,1
92208,0
17286,0
10674,1
81019,0
10674,0
44820,0
81019,1
81019,1
34866,0
34866,1
17290,1
80035,0
80035,1
71716,0
71716,0
80035,0
81074,1
53125,0
53125,0
97918,1
27962,0
71298,1
45637,1
44810,1
69980,1
13233,1
69980,1
71298,1
69980,0
69980,0
51114,0
94738,0
51114,0
22958,1
87124,0
92208,0
21948,0
81737,0
51206,0
51206,0
39591,1
81737,0
81737,0
81737,0
16555,0
85081,1
85081,1
51206,0
16555,0
51206,0
66935,0
37337,0
37337,0
37337,0
46674,0
46674,1
11050,0
27962,0
27962,0
51114,1
55429,1
55429,1
21948,1
99066,1
49986,0
49986,1
59802,0
42610,0
59802,0
30751,1
30751,0
30751,0
43588,1
43588,1
15083,1
30751,1
81737,0
81737,0
30751,0
30751,0
81737,1
81737,1
11050,0
11050,0
53137,1
10979,0
83412,1
10979,0
10979,0
10979,0
10979,0
68174,1
30751,0
19443,0
61178,1
19443,1
19443,0
61178,0
66264,0
30356,0
30356,1
30356,1
75316,1
58638,0
93894,1
93894,1
46512,0
53137,0
53137,1
53137,1
53137,1
53137,1
47479,0
47479,0
47479,0
37785,0
47479,0
32832,1
10979,1
33861,1
53203,1
53203,0
69732,1
10674,1
10674,0
69732,1
69732,0
41826,0
69732,1
22958,0
71695,0
11929,0
11929,1
33861,1
33861,1
92208,1
87124,0
87124,0
11929,0
11929,0
99581,0
99581,0
99581,1
29392,0
92208,1
92208,1
29058,1
29058,0
34306,0
34306,1
98861,1
98861,1
29152,1
87791,0
87791,0
34897,1
34897,1
75316,0
75316,0
93133,0
44810,1
44810,1
82986,0
82986,1
98861,1
98861,1
68174,0
27962,1
27962,0
20041,0
42809,0
13385,0
59802,0
22081,1
92208,1
85908,0
81629,1
13385,1
13385,0
13385,1
61178,1
13385,1
61178,0
80900,0
19443,1
19443,1
19443,1
81737,0
21644,1
21644,0
81737,0
81737,0
10979,0
80900,1
29152,1
29152,0
11929,0
11929,0
80900,1
80900,1
80900,1
24974,0
95156,1
95156,0
97252,1
97252,1
98861,1
98861,1
80900,1
80900,0
85081,1
85081,1
23008,0
63295,0
63295,1
63295,1
46674,0
46674,0
72943,0
72943,0
87677,0
21780,0
21780,1
21780,0
42610,0
25944,1
24051,1
24051,0
24051,1
34971,0
78919,1
38601,1
38601,1
86647,1
30924,0
30924,1
29005,0
98516,1
98861,1
86053,0
80518,0
78280,1
73420,1
73420,1
56296,1
81737,0
66198,1
66198,0
60506,0
66935,1
41826,0
53108,0
53108,0
53108,0
10979,0
78614,0
10979,0
78614,0
78614,0
57194,1
53137,1
53137,1
53137,1
94598,0
75316,0
75316,0
75316,1
91424,1
70393,0
54510,0
54510,0
76655,0
76655,0
36713,1
36713,1
33510,0
20849,0
47479,1
89167,0
89167,1
89167,0
19256,0
61070,0
61070,0
53203,1
53203,0
24051,1
34866,0
34866,0
40834,1
40834,0
30751,0
30751,1
30751,0
87677,1
87677,0
82986,1
25944,1
25944,0
81019,1
81019,0
24051,1
25944,1
29058,0
29058,1
29058,1
13233,1
32832,1
32832,0
32832,1
71716,1
71716,0
41998,0
45023,1
29005,1
51206,0
71716,0
71716,1
71716,1
10674,0
42610,0
22353,1
86647,0
86647,1
86647,0
22958,0
36114,1
36114,0
29058,0
29058,1
29058,1
67232,0
80900,1
23229,1
80900,1
57906,0
57906,0
39221,1
39221,1
57906,1
17595,0
23395,1
23395,1
76830,0
27962,1
27962,0
27962,0
35846,1
35846,1
35846,0
35846,1
53203,0
53203,0
89597,0
34971,0
34971,0
43052,0
41998,0
81737,0
33510,0
33510,1
81737,0
81737,0
81737,0
36713,0
36713,1
45023,0
45023,0
27962,0
27962,0
35062,0
35062,1
63443,1
23384,1
10979,0
88421,1
10979,0
53137,1
53137,1
76304,0
76304,0
76304,1
68982,0
83682,0
83682,0
83682,0
53108,1
38461,0
38461,1
38461,1
83682,1
83682,0
83682,0
99169,0
53108,1
51508,0
10979,0
66935,1
71716,1
71716,1
71716,1
71716,1
96281,0
96281,1
96281,0
96281,0
96281,1
91424,0
47479,0
36295,1
57906,0
57906,0
40464,1
40464,1
40464,1
47479,0
56615,0
71716,1
71716,1
71716,1
47479,0
87919,0
69732,1
69732,1
69732,0
66198,0
69732,0
66198,0
66198,0
69732,1
66198,0
94738,1
22140,1
22140,1
22140,1
51206,0
51206,1
51206,0
51206,0
60506,0
60506,0
67232,0
51508,0
22140,1
22140,1
22140,0
62182,1
61745,0
61745,1
61745,0
36114,0
25944,0
66198,0
66198,0
66198,1
20708,0
34897,0
86041,0
89167,0
36713,1
81737,0
81737,0
19344,0
19344,0
23395,1
21948,0
89167,0
89167,0
23395,0
23395,0
25944,1
98861,1
93133,0
33861,1
33861,1
49986,0
49986,0
49986,0
36713,0
49986,0
53203,0
53203,0
81737,0
13385,0
92376,1
46674,0
92376,1
93133,0
45023,1
45023,1
60729,0
51308,1
51308,1
51308,0
30356,0
30356,0
30356,0
45023,1
82999,1
93133,0
98861,1
29058,1
29058,1
30489,1
30489,0
51206,0
51206,0
51206,1
95295,0
95295,0
99169,0
60729,0
60729,0
32832,1
92208,1
92208,1
54485,0
